NAME,GENDER
aamir,0
aaron,0
abbot,0
abbott,0
abby,0
abdel,0
abdul,0
abdulkarim,0
abdullah,0
abe,0
abel,0
abelard,0
abraham,0
abram,0
ace,0
adair,0
adam,0
adams,0
adger,0
aditya,0
adnan,0
adolf,0
adolfo,0
adolph,0
adolphe,0
adolpho,0
adolphus,0
adrick,0
adrien,0
agamemnon,0
aguinaldo,0
aguste,0
agustin,0
aharon,0
ahmed,0
ahmet,0
ajay,0
al,0
alaa,0
alain,0
alan,0
alasdair,0
alastair,0
albatros,0
albert,0
alberto,0
alden,0
aldis,0
aldo,0
aldric,0
aldrich,0
aldus,0
alec,0
aleck,0
alejandro,0
aleks,0
alessandro,0
alex,0
alexander,0
alexei,0
alexis,0
alf,0
alfie,0
alfonse,0
alfonso,0
alfonzo,0
alford,0
alfredo,0
algernon,0
ali,0
alic,0
alister,0
alix,0
allah,0
allan,0
allen,0
alley,0
allie,0
allin,0
allyn,0
alonso,0
alonzo,0
aloysius,0
alphonse,0
alston,0
alton,0
alvin,0
alwin,0
amadeus,0
ambros,0
ambrose,0
ambrosi,0
ambrosio,0
ambrosius,0
amery,0
amory,0
amos,0
anatol,0
anatole,0
anatollo,0
anatoly,0
anders,0
andonis,0
andre,0
andrea,0
andreas,0
andrej,0
andres,0
andrew,0
andrey,0
andrus,0
andrzej,0
andy,0
angel,0
angelico,0
angelo,0
angie,0
angus,0
ansell,0
anselm,0
anson,0
anthony,0
antin,0
antoine,0
anton,0
antoni,0
antonin,0
antonino,0
antonio,0
antonius,0
antony,0
anurag,0
apollo,0
apostolos,0
aram,0
archibald,0
archibold,0
archie,0
archon,0
archy,0
arel,0
ari,0
arie,0
ariel,0
aristotle,0
arlo,0
armand,0
armando,0
armond,0
armstrong,0
arne,0
arnie,0
arnold,0
arnoldo,0
aron,0
arron,0
art,0
arther,0
arthur,0
artie,0
artur,0
arturo,0
arvie,0
arvin,0
arvind,0
arvy,0
ash,0
ashby,0
ashish,0
ashley,0
ashton,0
aub,0
aube,0
aubert,0
augie,0
august,0
augustin,0
augusto,0
augustus,0
austen,0
austin,0
ave,0
averell,0
averil,0
averill,0
avery,0
avi,0
avraham,0
avrom,0
axel,0
aylmer,0
aziz,0
bailey,0
bailie,0
baillie,0
baird,0
baldwin,0
bancroft,0
barbabas,0
barclay,0
bard,0
barde,0
barn,0
barnabas,0
barnabe,0
barnaby,0
barnard,0
barnebas,0
barnett,0
barney,0
barnie,0
barny,0
barret,0
barrett,0
barri,0
barrie,0
barris,0
barron,0
barry,0
bart,0
bartel,0
barth,0
barthel,0
bartholemy,0
bartholomeo,0
bartholomeus,0
bartholomew,0
bartie,0
bartlet,0
bartlett,0
bartolemo,0
bartolomei,0
bartolomeo,0
barton,0
barty,0
bary,0
basil,0
baxter,0
bay,0
bayard,0
beale,0
bealle,0
bear,0
bearnard,0
beau,0
beaufort,0
beauregard,0
beck,0
bela,0
ben,0
benedict,0
bengt,0
benito,0
benjamen,0
benji,0
benjie,0
benjy,0
benn,0
bennet,0
bennett,0
bennie,0
benny,0
benson,0
bentley,0
benton,0
beowulf,0
berchtold,0
berk,0
berke,0
berkie,0
berkley,0
bernard,0
bernardo,0
bernd,0
bernhard,0
bernie,0
bert,0
bertram,0
bertrand,0
biff,0
bill,0
billy,0
bing,0
binky,0
bishop,0
bjorn,0
bjorne,0
blaine,0
blair,0
blake,0
blare,0
bo,0
bob,0
bobbie,0
bogdan,0
boniface,0
boris,0
boyce,0
boyd,0
brad,0
braden,0
bradford,0
bradly,0
brady,0
brandon,0
brant,0
brendan,0
brent,0
bret,0
brett,0
brewer,0
brewster,0
brian,0
brice,0
briggs,0
brinkley,0
britt,0
brock,0
broddie,0
broddy,0
broderic,0
broderick,0
brodie,0
brody,0
bronson,0
brook,0
brooke,0
brooks,0
bruce,0
bruno,0
bryant,0
bryce,0
bryn,0
bryon,0
bubba,0
buck,0
bucky,0
bud,0
buddy,0
burgess,0
burke,0
burl,0
burnaby,0
burton,0
buster,0
butch,0
butler,0
byram,0
byron,0
caesar,0
cain,0
cal,0
caldwell,0
caleb,0
calhoun,0
calvin,0
cam,0
cammy,0
carl,0
carleigh,0
carlie,0
carlo,0
carlos,0
carlton,0
carlyle,0
carmine,0
carroll,0
carson,0
carsten,0
carter,0
cary,0
case,0
casey,0
caspar,0
casper,0
cass,0
cat,0
cecil,0
cesar,0
chad,0
chadd,0
chaddie,0
chadwick,0
chaim,0
chalmers,0
chan,0
chance,0
chancey,0
chanderjit,0
chandler,0
chane,0
chariot,0
charles,0
charleton,0
charley,0
charlie,0
charlton,0
chas,0
chase,0
chaunce,0
chauncey,0
che,0
chelton,0
cheston,0
chet,0
chev,0
chevalier,0
chevy,0
chip,0
chris,0
chrissy,0
christ,0
christian,0
christiano,0
christie,0
christof,0
christofer,0
christoph,0
christophe,0
christopher,0
christorpher,0
christy,0
chuck,0
churchill,0
clair,0
claire,0
clancy,0
clarance,0
clare,0
clarence,0
clark,0
clarke,0
claude,0
claudio,0
clay,0
clayborn,0
clayborne,0
clayton,0
cleland,0
clem,0
clemens,0
clement,0
clemente,0
clemmie,0
cletus,0
cleveland,0
cliff,0
clifford,0
clint,0
clinten,0
clinton,0
clive,0
clyde,0
cob,0
cobb,0
cobbie,0
cobby,0
cody,0
colbert,0
coleman,0
colin,0
collin,0
collins,0
conan,0
connie,0
connolly,0
connor,0
conrad,0
conroy,0
constantin,0
constantine,0
constantinos,0
conway,0
cooper,0
corbin,0
corby,0
corey,0
cornelius,0
cornellis,0
corrie,0
cortese,0
corwin,0
cory,0
cosmo,0
costa,0
courtney,0
crawford,0
creighton,0
cris,0
cristopher,0
curt,0
curtice,0
cy,0
cyril,0
cyrill,0
cyrille,0
cyrillus,0
cyrus,0
dabney,0
daffy,0
dale,0
dalton,0
damian,0
damon,0
dan,0
dana,0
dane,0
dani,0
danie,0
dannie,0
danny,0
dante,0
darby,0
darcy,0
daren,0
darian,0
darien,0
darin,0
dario,0
darius,0
darrel,0
darrell,0
darren,0
darrick,0
darryl,0
darwin,0
daryl,0
daryle,0
dave,0
davey,0
david,0
davidde,0
davide,0
davie,0
davin,0
davis,0
davon,0
davy,0
dawson,0
dean,0
deane,0
del,0
dell,0
delmar,0
demetre,0
demetri,0
demetris,0
demetrius,0
demosthenis,0
denis,0
dennis,0
denny,0
derek,0
derick,0
derk,0
derrek,0
derrick,0
derrin,0
derrol,0
derron,0
deryl,0
desmond,0
desmund,0
devin,0
devon,0
dewey,0
dewitt,0
dickey,0
dickie,0
diego,0
dieter,0
dietrich,0
dillon,0
dimitrios,0
dimitris,0
dimitrou,0
dimitry,0
dino,0
dionis,0
dionysus,0
dirk,0
dmitri,0
dom,0
domenic,0
domenico,0
dominic,0
dominick,0
dominique,0
don,0
donal,0
donald,0
donn,0
donnie,0
donny,0
dorian,0
dory,0
doug,0
douggie,0
dougie,0
douglas,0
douglass,0
douglis,0
dov,0
doyle,0
drake,0
drew,0
dru,0
dryke,0
duane,0
dudley,0
duffie,0
duffy,0
duke,0
dunc,0
duncan,0
dunstan,0
durand,0
durant,0
durante,0
durward,0
dustin,0
dwain,0
dwane,0
dwayne,0
dwight,0
dyson,0
earle,0
easton,0
eben,0
ebeneser,0
ebenezer,0
eberhard,0
ed,0
eddy,0
edgar,0
edgardo,0
edie,0
edmond,0
edmund,0
edouard,0
edsel,0
eduard,0
eduardo,0
edward,0
efram,0
egbert,0
ehud,0
elbert,0
elden,0
eldon,0
eli,0
elias,0
elijah,0
eliot,0
eliott,0
elisha,0
elliot,0
elliott,0
ellis,0
ellsworth,0
ellwood,0
elmer,0
elmore,0
elnar,0
elric,0
elroy,0
elton,0
elvin,0
elwin,0
elwood,0
elwyn,0
ely,0
emanuel,0
emerson,0
emery,0
emil,0
emile,0
emmanuel,0
emmery,0
emmett,0
emmit,0
emmott,0
emmy,0
emory,0
ender,0
engelbart,0
engelbert,0
englebart,0
englebert,0
enoch,0
enrico,0
enrique,0
ephraim,0
ephram,0
ephrayim,0
ephrem,0
er,0
erasmus,0
erastus,0
erek,0
erhard,0
erhart,0
eric,0
erich,0
erick,0
erik,0
erin,0
erl,0
ernest,0
ernie,0
ernst,0
erny,0
errol,0
ervin,0
erwin,0
esau,0
esteban,0
ethan,0
ethelbert,0
ethelred,0
etienne,0
euclid,0
eugen,0
eugene,0
eustace,0
evan,0
evelyn,0
everard,0
everett,0
ewart,0
ez,0
ezechiel,0
ezekiel,0
ezra,0
fabian,0
fabio,0
fairfax,0
farley,0
fazeel,0
felice,0
felicio,0
felipe,0
felix,0
ferd,0
ferdy,0
fergus,0
ferguson,0
ferinand,0
fernando,0
fidel,0
filbert,0
filip,0
filipe,0
filmore,0
finley,0
finn,0
fitz,0
fitzgerald,0
flem,0
fleming,0
flemming,0
fletch,0
fletcher,0
flin,0
flinn,0
flint,0
flipper,0
florian,0
floyd,0
fons,0
fonsie,0
fonz,0
fonzie,0
forbes,0
ford,0
forest,0
forester,0
forrest,0
forrester,0
forster,0
foster,0
fran,0
francesco,0
francis,0
francisco,0
francois,0
frank,0
frankie,0
franklin,0
franklyn,0
franky,0
franz,0
fraser,0
frazier,0
fred,0
freddie,0
freddy,0
frederic,0
frederich,0
frederik,0
fredric,0
freeman,0
freemon,0
fremont,0
french,0
friedric,0
friedrich,0
friedrick,0
fritz,0
fulton,0
fyodor,0
gabe,0
gabriele,0
gabriell,0
gabriello,0
gail,0
gale,0
galen,0
gallagher,0
gamaliel,0
garcia,0
garcon,0
gardener,0
gardiner,0
gardner,0
garey,0
garfield,0
garfinkel,0
garold,0
garret,0
garrett,0
garrot,0
garrott,0
garry,0
garv,0
garvey,0
garvin,0
garvy,0
garwin,0
garwood,0
gary,0
gaspar,0
gaston,0
gav,0
gaven,0
gavin,0
gavriel,0
gay,0
gayle,0
gearard,0
gene,0
geo,0
geof,0
geoff,0
geoffrey,0
geoffry,0
georg,0
george,0
georges,0
georgia,0
georgie,0
georgy,0
gerald,0
geraldo,0
gerard,0
gere,0
gerhard,0
gerhardt,0
germaine,0
gerold,0
gerome,0
gerrard,0
gerri,0
gerrit,0
gerry,0
gershon,0
giacomo,0
gian,0
giancarlo,0
giavani,0
gibb,0
gideon,0
giff,0
giffard,0
giffer,0
gifford,0
giffy,0
gil,0
gilbert,0
gilberto,0
gilburt,0
giles,0
gill,0
gilles,0
ginger,0
giordano,0
giorgi,0
giorgio,0
giovanne,0
giraldo,0
giraud,0
giuseppe,0
glen,0
glenn,0
glynn,0
godard,0
godart,0
goddard,0
goddart,0
godfree,0
godfrey,0
godfry,0
gonzales,0
gonzalo,0
goober,0
goose,0
gordan,0
gordie,0
gordon,0
grace,0
grady,0
graehme,0
graeme,0
graham,0
graig,0
grant,0
granville,0
greg,0
gregg,0
greggory,0
gregor,0
gregorio,0
gregory,0
gretchen,0
griff,0
griffin,0
griffith,0
griswold,0
grove,0
grover,0
guido,0
guillaume,0
guillermo,0
gunther,0
gus,0
gustaf,0
gustav,0
gustave,0
gustavo,0
gustavus,0
guthrey,0
guthry,0
guy,0
hadleigh,0
hadley,0
hadrian,0
hagan,0
hagen,0
hailey,0
hakeem,0
hakim,0
hal,0
hale,0
haleigh,0
haley,0
hall,0
hallam,0
halvard,0
ham,0
hamel,0
hamid,0
hamil,0
hamilton,0
hamlen,0
hamlet,0
hammad,0
hamnet,0
han,0
hanan,0
hanford,0
hank,0
hannibal,0
hans,0
hans-peter,0
hansel,0
hanson,0
harald,0
harcourt,0
harlan,0
harland,0
harley,0
harlin,0
harman,0
harmon,0
harold,0
harris,0
harrold,0
harry,0
hart,0
hartley,0
hartwell,0
harv,0
harvard,0
harvey,0
harvie,0
harwell,0
hasheem,0
hashim,0
haskel,0
haskell,0
hassan,0
hastings,0
hasty,0
haven,0
hayden,0
haydon,0
hayes,0
hayward,0
haywood,0
hazel,0
heathcliff,0
hebert,0
hector,0
heinrich,0
heinz,0
helmuth,0
henderson,0
hendrick,0
hendrik,0
henri,0
henrie,0
henrik,0
henrique,0
henry,0
herb,0
herbert,0
herbie,0
hercule,0
hercules,0
herculie,0
herman,0
hermann,0
hermon,0
hermy,0
hernando,0
herold,0
herrick,0
herrmann,0
hersch,0
herschel,0
hershel,0
hervey,0
hew,0
hewe,0
hewet,0
hewett,0
hewie,0
hewitt,0
heywood,0
hezekiah,0
hilary,0
hilbert,0
hill,0
hillard,0
hillary,0
hillel,0
hillery,0
hilliard,0
hilton,0
hiralal,0
hiram,0
hiro,0
hirsch,0
hobart,0
hodge,0
hogan,0
hollis,0
holly,0
homer,0
horacio,0
horatio,0
horatius,0
horst,0
howard,0
howie,0
hoyt,0
hubert,0
hudson,0
huey,0
hugh,0
hugo,0
humbert,0
hunt,0
hunter,0
huntington,0
huntlee,0
huntley,0
hurley,0
husain,0
husein,0
hussein,0
hy,0
hyatt,0
hyman,0
hymie,0
iago,0
iain,0
ian,0
ibrahim,0
ichabod,0
iggie,0
iggy,0
ignace,0
ignacio,0
ignacius,0
ignatius,0
ignazio,0
igor,0
ike,0
ikey,0
immanuel,0
ingamar,0
ingelbert,0
ingemar,0
inglebert,0
ingmar,0
ingram,0
ira,0
irvin,0
irvine,0
irving,0
irwin,0
isa,0
isaac,0
isaak,0
isador,0
isadore,0
isaiah,0
ishmael,0
isidore,0
ismail,0
israel,0
istvan,0
ivan,0
ivor,0
izaak,0
izak,0
izzy,0
jack,0
jackie,0
jackson,0
jacob,0
jacques,0
jae,0
jaime,0
jake,0
jakob,0
james,0
jameson,0
jamey,0
jamie,0
jan,0
janos,0
jarrett,0
jarvis,0
jason,0
jasper,0
javier,0
jay,0
jean,0
jean-francois,0
jean-lou,0
jean-luc,0
jean-marc,0
jean-paul,0
jean-pierre,0
jeb,0
jed,0
jedediah,0
jef,0
jeff,0
jefferson,0
jeffery,0
jeffie,0
jeffrey,0
jeffry,0
jefry,0
jehu,0
jennings,0
jens,0
jephthah,0
jeramie,0
jere,0
jereme,0
jeremiah,0
jeremias,0
jeremy,0
jermain,0
jermaine,0
jermayne,0
jerold,0
jerome,0
jeromy,0
jerri,0
jerrie,0
jerrold,0
jerrome,0
jerry,0
jess,0
jesse,0
jessee,0
jessey,0
jessie,0
jesus,0
jeth,0
jethro,0
jim,0
jimbo,0
jimmie,0
jimmy,0
jo,0
joab,0
joachim,0
joao,0
joaquin,0
jock,0
jodi,0
jodie,0
jody,0
joel,0
joey,0
johan,0
johann,0
johannes,0
john,0
john-david,0
john-patrick,0
johnathan,0
johnathon,0
johnnie,0
johnny,0
johny,0
jon,0
jonah,0
jonas,0
jonathon,0
jonny,0
jordan,0
jorge,0
jory,0
jose,0
josef,0
joseph,0
josephus,0
josh,0
joshua,0
joshuah,0
josiah,0
jotham,0
juan,0
juanita,0
jud,0
judah,0
judas,0
judd,0
jude,0
judith,0
judson,0
judy,0
juergen,0
jules,0
julian,0
julie,0
julio,0
justis,0
kaleb,0
kalil,0
kalle,0
kalman,0
kam,0
kane,0
karel,0
karim,0
karl,0
karsten,0
kaspar,0
keefe,0
keenan,0
keene,0
keil,0
keith,0
kellen,0
kelley,0
kelly,0
kelsey,0
kelwin,0
ken,0
kendal,0
kendall,0
kendrick,0
kenn,0
kennedy,0
kenneth,0
kenny,0
kent,0
kenton,0
kenyon,0
kermie,0
kermit,0
kevan,0
kevin,0
kim,0
kimball,0
kimmo,0
kin,0
kincaid,0
king,0
kingsley,0
kingsly,0
kingston,0
kip,0
kirby,0
kirk,0
kit,0
klaus,0
klee,0
knox,0
konrad,0
konstantin,0
kory,0
kostas,0
kris,0
krishna,0
kristian,0
kristopher,0
kristos,0
kurt,0
kurtis,0
kyle,0
laird,0
lamar,0
lambert,0
lamont,0
lance,0
lancelot,0
langston,0
lanny,0
larry,0
lars,0
laurance,0
lauren,0
laurence,0
laurens,0
laurent,0
laurie,0
lawerence,0
lawrence,0
lawson,0
lawton,0
lay,0
layton,0
lazar,0
lazare,0
lazaro,0
lazlo,0
lefty,0
leif,0
leigh,0
leighton,0
leland,0
lem,0
lemar,0
lemmie,0
lemmy,0
lemuel,0
len,0
lenard,0
lennie,0
lenny,0
leo,0
leon,0
leonard,0
leonardo,0
leonerd,0
leonhard,0
leonid,0
leonidas,0
leopold,0
leroy,0
les,0
leslie,0
lester,0
lev,0
levi,0
levin,0
levon,0
levy,0
lew,0
lewis,0
lex,0
liam,0
lin,0
lincoln,0
lind,0
lindsay,0
lindsey,0
lindy,0
linoel,0
linus,0
lion,0
lionel,0
lionello,0
llewellyn,0
lloyd,0
locke,0
lockwood,0
logan,0
lon,0
lonny,0
loren,0
lorenzo,0
lorne,0
lorrie,0
lothar,0
lou,0
louie,0
louis,0
lovell,0
lowell,0
luce,0
lucian,0
luciano,0
lucien,0
lucio,0
lucius,0
ludvig,0
ludwig,0
luigi,0
luis,0
lukas,0
luke,0
luther,0
lyle,0
lyn,0
lyndon,0
lynn,0
mac,0
mace,0
mack,0
mackenzie,0
maddie,0
maddy,0
madison,0
magnum,0
magnus,0
mahesh,0
mahmoud,0
mahmud,0
maison,0
major,0
malcolm,0
manfred,0
manish,0
manny,0
marc,0
marcel,0
marcello,0
marcellus,0
marcelo,0
marchall,0
marcio,0
marco,0
marcos,0
marcus,0
marietta,0
marilu,0
mario,0
marion,0
marius,0
mark,0
marko,0
markos,0
markus,0
marlin,0
marlo,0
marlon,0
marlow,0
marlowe,0
marmaduke,0
marsh,0
marshal,0
marshall,0
martainn,0
martie,0
martin,0
martino,0
marty,0
martyn,0
marv,0
marve,0
marven,0
marvin,0
marwin,0
mason,0
mateo,0
mathew,0
mathias,0
matias,0
matt,0
matteo,0
matthaeus,0
mattheus,0
matthew,0
matthias,0
matthieu,0
matthus,0
mattias,0
mattie,0
matty,0
maurice,0
mauricio,0
maurie,0
maurise,0
maurits,0
mauritz,0
maury,0
max,0
maxfield,0
maxie,0
maxim,0
maximilian,0
maximilien,0
maxwell,0
mayer,0
maynard,0
maynord,0
mayor,0
mead,0
meade,0
meier,0
mel,0
melvin,0
melvyn,0
mendel,0
mendie,0
meredeth,0
meredith,0
merell,0
merill,0
merle,0
merlin,0
merrel,0
merrick,0
merril,0
merrill,0
merv,0
mervin,0
merwin,0
meryl,0
meyer,0
mic,0
micah,0
michael,0
michail,0
michal,0
michale,0
micheal,0
michel,0
mickey,0
mickie,0
micky,0
miguel,0
mika,0
mikael,0
mike,0
mikey,0
mikhail,0
miles,0
millicent,0
milo,0
milt,0
milton,0
mischa,0
mitch,0
mitchael,0
mitchel,0
mitchell,0
moe,0
mohamad,0
mohammad,0
mohammed,0
mohan,0
moise,0
moises,0
moishe,0
monroe,0
monte,0
montgomery,0
monty,0
moore,0
mordecai,0
morlee,0
morley,0
morly,0
morrie,0
morris,0
morry,0
mort,0
morten,0
mortie,0
mortimer,0
morton,0
morty,0
mose,0
moses,0
moshe,0
moss,0
muffin,0
mugsy,0
munroe,0
murdoch,0
murdock,0
murphy,0
murray,0
myles,0
mylo,0
myron,0
nahum,0
napoleon,0
nat,0
natale,0
nate,0
nathan,0
nathanael,0
nathaniel,0
nathanil,0
neal,0
neale,0
neall,0
nealon,0
nealson,0
nealy,0
ned,0
neddie,0
neddy,0
neel,0
neil,0
nels,0
nelsen,0
nelson,0
nero,0
neron,0
nester,0
nestor,0
nev,0
nevil,0
nevile,0
neville,0
nevin,0
nevins,0
newton,0
niall,0
niccolo,0
nicholas,0
nichole,0
nichols,0
nick,0
nickey,0
nickie,0
nickolas,0
nicky,0
nicolas,0
niels,0
nigel,0
niki,0
nikita,0
nikki,0
nikolai,0
nikos,0
niles,0
nils,0
nilson,0
niven,0
noach,0
noah,0
noam,0
noble,0
noel,0
nolan,0
noland,0
norbert,0
norm,0
norman,0
normand,0
normie,0
norris,0
northrop,0
northrup,0
norton,0
norwood,0
nunzio,0
obadiah,0
obadias,0
oberon,0
obie,0
odell,0
odie,0
odin,0
odysseus,0
olaf,0
olag,0
ole,0
olin,0
oliver,0
olivier,0
olle,0
ollie,0
omar,0
oral,0
oran,0
orazio,0
orbadiah,0
oren,0
orin,0
orion,0
orlando,0
orren,0
orrin,0
orson,0
orton,0
osbert,0
osborn,0
osborne,0
osbourn,0
osbourne,0
oscar,0
osgood,0
osmond,0
osmund,0
ossie,0
oswald,0
otes,0
othello,0
otho,0
otis,0
otto,0
owen,0
ozzie,0
ozzy,0
pablo,0
pace,0
paco,0
paddie,0
paddy,0
padraig,0
page,0
paige,0
pail,0
palmer,0
park,0
parke,0
parker,0
parnell,0
parrnell,0
parry,0
parsifal,0
partha,0
pascal,0
pascale,0
pasquale,0
pate,0
patel,0
patin,0
paton,0
patric,0
patrice,0
patricio,0
patrick,0
patrik,0
patsy,0
pattie,0
patty,0
paul,0
paulo,0
pavel,0
pearce,0
pedro,0
peirce,0
pembroke,0
pen,0
penn,0
pennie,0
penny,0
penrod,0
pepe,0
pepillo,0
perceval,0
percival,0
percy,0
perry,0
pete,0
peter,0
petey,0
petr,0
peyter,0
peyton,0
phil,0
philbert,0
philip,0
phillip,0
phillipe,0
phillipp,0
phineas,0
phip,0
pierce,0
piet,0
pieter,0
pietro,0
piggy,0
pincas,0
pinchas,0
pincus,0
piotr,0
pip,0
plato,0
pooh,0
porter,0
poul,0
powell,0
praneetf,0
prasad,0
prasun,0
prent,0
prentice,0
prentiss,0
prescott,0
preston,0
prince,0
pryce,0
puff,0
purcell,0
putnam,0
pyotr,0
quentin,0
quiggly,0
quigly,0
quill,0
quillan,0
quincey,0
quincy,0
quinlan,0
quinn,0
quint,0
quintin,0
quinton,0
quintus,0
rab,0
rabbi,0
rad,0
radcliffe,0
rafael,0
rafe,0
ragnar,0
rainer,0
raj,0
rajeev,0
ralf,0
ralph,0
ram,0
ramesh,0
ramon,0
ramsay,0
rand,0
randal,0
randell,0
randi,0
randie,0
randolf,0
randy,0
ransell,0
ransom,0
raoul,0
raphael,0
raul,0
ravil,0
rawley,0
ray,0
raymond,0
raymund,0
raymundo,0
raynard,0
rayner,0
raynor,0
reagan,0
red,0
redford,0
redmond,0
reece,0
reed,0
rees,0
reese,0
reg,0
regan,0
regen,0
reggie,0
reggis,0
reggy,0
reginald,0
reilly,0
reinhard,0
reinhold,0
remington,0
remus,0
renado,0
renaldo,0
renard,0
renato,0
renaud,0
renault,0
rene,0
reube,0
reuben,0
reuven,0
rex,0
rey,0
reynard,0
reynold,0
reynolds,0
reza,0
rhett,0
ric,0
ricard,0
ricardo,0
riccardo,0
rice,0
rich,0
richard,0
richardo,0
richie,0
richmond,0
richy,0
rick,0
rickey,0
ricki,0
rickie,0
ricky,0
rik,0
riley,0
rinaldo,0
ripley,0
ritch,0
ritchie,0
rob,0
robb,0
robbie,0
robert,0
robin,0
robinson,0
rochester,0
rock,0
rockwell,0
rod,0
rodd,0
roddie,0
roddy,0
roderic,0
roderich,0
roderick,0
roderigo,0
rodge,0
rodger,0
rodney,0
rodolfo,0
rodolph,0
rodolphe,0
rodrick,0
rodrigo,0
rodrique,0
roger,0
rogers,0
roice,0
roland,0
rolando,0
rolf,0
rolfe,0
rolland,0
rollin,0
rollins,0
rollo,0
rolph,0
romain,0
roman,0
romeo,0
ron,0
ronen,0
roni,0
ronnie,0
ronny,0
roosevelt,0
rory,0
roscoe,0
ross,0
roth,0
rourke,0
rowland,0
roy,0
royal,0
royce,0
rube,0
ruben,0
ruby,0
ruddie,0
rudie,0
rudiger,0
rudolf,0
rudolfo,0
rudolph,0
rudy,0
rudyard,0
rufe,0
rufus,0
rupert,0
ruperto,0
russ,0
russel,0
russell,0
rustie,0
rustin,0
rusty,0
rutger,0
rutherford,0
rutledge,0
rutter,0
ryan,0
sal,0
salem,0
salim,0
salman,0
salmon,0
salomo,0
salomon,0
salomone,0
salvador,0
salvatore,0
salvidor,0
sam,0
sammie,0
sammy,0
sampson,0
samson,0
samuel,0
samuele,0
sancho,0
sander,0
sanders,0
sanderson,0
sandor,0
sandro,0
sandy,0
sanford,0
sanson,0
sansone,0
sarge,0
sargent,0
sascha,0
sasha,0
saul,0
sauncho,0
saunder,0
saunders,0
saunderson,0
saundra,0
saw,0
sawyer,0
sawyere,0
sax,0
saxe,0
saxon,0
say,0
sayer,0
sayers,0
sayres,0
scarface,0
schroeder,0
schuyler,0
scot,0
scott,0
scotti,0
scottie,0
scotty,0
seamus,0
sebastian,0
sebastiano,0
sebastien,0
see,0
selig,0
serge,0
sergeant,0
sergei,0
sergent,0
sergio,0
seth,0
seymour,0
shadow,0
shaine,0
shalom,0
shamus,0
shanan,0
shane,0
shannan,0
shannon,0
shaughn,0
shaun,0
shaw,0
shawn,0
shay,0
shayne,0
shea,0
sheff,0
sheffie,0
sheffield,0
sheffy,0
shelby,0
shelden,0
sheldon,0
shell,0
shelley,0
shelton,0
shep,0
shepard,0
shepherd,0
sheppard,0
shepperd,0
sherlock,0
sherlocke,0
sherman,0
sherwin,0
sherwood,0
sherwynd,0
shimon,0
shlomo,0
sholom,0
shorty,0
shurlock,0
shurlocke,0
shurwood,0
si,0
sibyl,0
sid,0
siddhartha,0
sidnee,0
sidney,0
siegfried,0
siffre,0
sig,0
sigfrid,0
sigfried,0
sigmund,0
silas,0
silvain,0
silvan,0
silvano,0
silvanus,0
silvester,0
silvio,0
sim,0
simeon,0
simmonds,0
simone,0
sinclair,0
sinclare,0
sivert,0
siward,0
skell,0
skelly,0
skip,0
skipp,0
skipper,0
skippy,0
skipton,0
sky,0
skye,0
skylar,0
skyler,0
slade,0
slim,0
sloan,0
sloane,0
sly,0
smith,0
smitty,0
socrates,0
sol,0
sollie,0
solly,0
solomon,0
son,0
sonnie,0
sonny,0
sparky,0
spencer,0
spense,0
spenser,0
spike,0
spiros,0
spud,0
srinivas,0
stacy,0
staffard,0
staford,0
stan,0
standford,0
stanfield,0
stanford,0
stanislaw,0
stanleigh,0
stanley,0
stanly,0
stanton,0
stanwood,0
stavros,0
stearne,0
stefan,0
stefano,0
steffen,0
stephan,0
stephanus,0
stephen,0
sterling,0
stern,0
sterne,0
steve,0
steven,0
stevie,0
stevy,0
stew,0
stewart,0
stig,0
stillman,0
stillmann,0
sting,0
stinky,0
stirling,0
stu,0
stuart,0
sturgis,0
sullivan,0
sully,0
sumner,0
sunny,0
sutherland,0
sutton,0
sven,0
swen,0
syd,0
sydney,0
sylvan,0
sylvester,0
tab,0
tabb,0
tabbie,0
tabby,0
taber,0
tabor,0
tad,0
tadd,0
taddeo,0
taddeus,0
tailor,0
taite,0
talbert,0
talbot,0
tallie,0
tally,0
tam,0
tamas,0
tammie,0
tammy,0
tan,0
tann,0
tanner,0
tanney,0
tannie,0
tarrance,0
tarzan,0
tate,0
taylor,0
teador,0
ted,0
tedd,0
teddie,0
teddy,0
tedman,0
tedmund,0
tedrick,0
temp,0
temple,0
templeton,0
teodoor,0
teodor,0
teodorico,0
teodoro,0
terence,0
terrance,0
terrel,0
terrell,0
terrence,0
terri,0
terrill,0
terry,0
thacher,0
thad,0
thaddeus,0
thaddius,0
thaddus,0
thadeus,0
thain,0
thaine,0
thane,0
thatch,0
thatcher,0
thaxter,0
thayne,0
thebault,0
thedric,0
theo,0
theobald,0
theodor,0
theodore,0
theodoric,0
theophyllus,0
thibaud,0
thibaut,0
thom,0
thomas,0
thor,0
thorn,0
thorndike,0
thornie,0
thorny,0
thorpe,0
thorstein,0
thorsten,0
thorvald,0
thurstan,0
thurston,0
tiebold,0
tiebout,0
tiler,0
tim,0
timmie,0
timmy,0
timothee,0
timotheus,0
timothy,0
tirrell,0
tito,0
titus,0
tobe,0
tobiah,0
tobias,0
tobie,0
tobin,0
tobit,0
toby,0
todd,0
toddie,0
toddy,0
tomas,0
tome,0
tomkin,0
tomlin,0
tommie,0
tommy,0
tonnie,0
tony,0
tore,0
torey,0
torin,0
torr,0
torrance,0
torrence,0
torrin,0
torry,0
town,0
towney,0
townie,0
townsend,0
towny,0
trace,0
tracey,0
tracie,0
tracy,0
traver,0
travers,0
travis,0
tre,0
tremain,0
tremaine,0
tremayne,0
trent,0
trenton,0
trev,0
trever,0
trevor,0
trip,0
troy,0
truman,0
tuck,0
tucker,0
tuckie,0
tucky,0
tudor,0
tull,0
tulley,0
tully,0
turner,0
ty,0
tybalt,0
tye,0
tyler,0
tymon,0
tymothy,0
tynan,0
tyrone,0
tyson,0
udale,0
udall,0
udell,0
ugo,0
ulberto,0
uli,0
ulick,0
ulises,0
ulric,0
ulrich,0
ulrick,0
ulysses,0
umberto,0
urban,0
urbanus,0
uri,0
uriah,0
uriel,0
urson,0
vachel,0
vaclav,0
vail,0
val,0
valdemar,0
vale,0
valentin,0
valentine,0
van,0
vance,0
vasili,0
vasilis,0
vasily,0
vassili,0
vassily,0
vaughan,0
vaughn,0
venkat,0
verge,0
vergil,0
vern,0
vernen,0
vernon,0
vernor,0
vic,0
vick,0
victor,0
vijay,0
vilhelm,0
vince,0
vincent,0
vincents,0
vinnie,0
vinny,0
virge,0
virgie,0
virgil,0
virgilio,0
vite,0
vito,0
vlad,0
vladamir,0
vladimir,0
voltaire,0
von,0
wade,0
wadsworth,0
wain,0
wainwright,0
wait,0
waite,0
waiter,0
wake,0
wakefield,0
wald,0
waldemar,0
walden,0
waldo,0
waldon,0
waleed,0
walker,0
wallace,0
wallache,0
wallas,0
wallie,0
wallis,0
wally,0
walsh,0
walt,0
walter,0
walther,0
wang,0
ward,0
warde,0
warden,0
ware,0
waring,0
warner,0
warren,0
wash,0
washington,0
wat,0
waverley,0
waverly,0
way,0
waylan,0
wayland,0
waylen,0
waylin,0
wayne,0
web,0
webb,0
weber,0
webster,0
weidar,0
weider,0
welbie,0
welby,0
wells,0
welsh,0
wendall,0
wendell,0
werner,0
wes,0
wesley,0
weslie,0
west,0
westbrook,0
westbrooke,0
westleigh,0
westley,0
weston,0
wheeler,0
whit,0
whitaker,0
whitby,0
whitman,0
whitney,0
whittaker,0
wiatt,0
wilber,0
wilbert,0
wilbur,0
wilburn,0
wilburt,0
wilden,0
wildon,0
wilek,0
wiley,0
wilfred,0
wilfrid,0
will,0
willard,0
willdon,0
willem,0
willey,0
willi,0
william,0
willie,0
willis,0
willmott,0
willy,0
wilmar,0
wilmer,0
wilt,0
wilton,0
win,0
windham,0
winfield,0
winford,0
winfred,0
winifield,0
winn,0
winnie,0
winny,0
winston,0
winthrop,0
winton,0
wit,0
witold,0
wittie,0
witty,0
wojciech,0
wolf,0
wolfgang,0
wolfie,0
woochang,0
wood,0
woodie,0
woodman,0
woodrow,0
worden,0
worth,0
worthington,0
worthy,0
wright,0
wyatan,0
wyatt,0
wye,0
wylie,0
wyn,0
wynn,0
wynton,0
xavier,0
xenos,0
xerxes,0
xever,0
ximenes,0
ximenez,0
xymenes,0
yaakov,0
yacov,0
yale,0
yanaton,0
yance,0
yancey,0
yancy,0
yank,0
yankee,0
yard,0
yardley,0
yehudi,0
yigal,0
yuri,0
yves,0
zacharia,0
zacharias,0
zacharie,0
zachary,0
zacherie,0
zachery,0
zack,0
zackariah,0
zak,0
zalman,0
zane,0
zared,0
zary,0
zebadiah,0
zebedee,0
zebulen,0
zebulon,0
zechariah,0
zed,0
zedekiah,0
zeke,0
zelig,0
zerk,0
zeus,0
zippy,0
zollie,0
zolly,0
zorro,0
rahul,0
shumeet,0
vibhu,0
abele,0
abramo,0
achille,0
adalberto,0
adalfieri,0
adamo,0
adolfo,0
adriano,0
agapeto,0
agapito,0
agostino,0
alberto,0
alessandro,0
alessio,0
alfeo,0
alfonso,0
alfredo,0
alonzo,0
alphonso,0
alvise,0
amadeo,0
amando,0
amato,0
ambrogino,0
ambrogio,0
ameplio,0
amerigo,0
anacleto,0
anastagio,0
anastasio,0
anatolio,0
andrea,0
angelo,0
anjelo,0
anselmo,0
antonello,0
antonino,0
antonio,0
arcangelo,0
arduino,0
armando,0
armanno,0
aroldo,0
arrigo,0
arturo,0
attilio,0
augusto,0
aurelio,0
baldassare,0
baldovino,0
bartolo,0
bartolomeo,0
bartolommeo,0
basilio,0
battista,0
belveder,0
benedetto,0
beniamino,0
benito,0
benvenuto,0
beppe,0
bernardino,0
bernardo,0
bertoldo,0
bertrando,0
bettino,0
biaggio,0
biagio,0
callisto,0
calogero,0
calvino,0
camillo,0
carlo,0
carlos,0
casmiro,0
celestino,0
celio,0
cencio,0
cesarino,0
ciriaco,0
cirilo,0
ciro,0
clemente,0
colombano,0
concetto,0
corradeo,0
cosimo,0
cristiano,0
croccifixio,0
cross,0
dante,0
davide,0
desi,0
dezi,0
domenico,0
donato,0
durante,0
edoardo,0
egdio,0
elia,0
eliodoro,0
emanuele,0
emilio,0
enrico,0
ercole,0
ermete,0
ernesto,0
ettore,0
eusebio,0
eustorgio,0
ezzelin,0
fabio,0
fabrizio,0
fazio,0
federico,0
felice,0
felippo,0
ferruccio,0
filipo,0
fillipo,0
fiorenzo,0
flavio,0
florentino,0
fons,0
fonz,0
fortino,0
francesco,0
frediano,0
fulvio,0
gaetan,0
gaetano,0
gavino,0
gennaro,0
genovese,0
geovani,0
gerardo,0
gerolamo,0
gervasio,0
giacomo,0
giampaolo,0
gian,0
giancinto,0
gianluca,0
gianmarco,0
gianni,0
gianpaolo,0
gianpiero,0
gioacchino,0
giona,0
giosia,0
giotto,0
giovanni,0
girolamo,0
giustino,0
graziano,0
gregorio,0
guerino,0
guido,0
hieronomo,0
ignazio,0
innocenzo,0
isaia,0
jacopo,0
ladislao,0
larenz,0
lauro,0
lazaro,0
leandro,0
leonardo,0
lerenzo,0
liborio,0
liugi,0
lodovico,0
lorenzo,0
lothario,0
luciano,0
ludovico,0
luka,0
manlio,0
marcelino,0
marcello,0
marco,0
marino,0
marsalis,0
marzio,0
massimiliano,0
matteo,0
maximino,0
melchiorre,0
michaelangelo,0
michele,0
mylon,0
napoleone,0
natanaele,0
nerio,0
nestore,0
niccolo,0
nicodemo,0
nicolas,0
nicomedo,0
nino,0
nunzio,0
olivero,0
orfeo,0
orsino,0
osvaldo,0
ottaviano,0
palmiro,0
paolino,0
paride,0
pasqualino,0
piero,0
pino,0
pompeo,0
porfirio,0
primo,0
prudenzio,0
rafaele,0
raffaello,0
rainieri,0
remigio,0
renardo,0
renzo,0
riccardo,0
rico,0
rinaldo,0
roberto,0
rodolfo,0
romario,0
romeo,0
romy,0
rudolpho,0
ruggerio,0
ruggiero,0
sabino,0
sal,0
samuele,0
saturno,0
savino,0
scevola,0
serafino,0
serveriano,0
settimio,0
severino,0
siffredo,0
silvano,0
simone,0
stefano,0
taddeo,0
tancredo,0
teobaldo,0
teodosio,0
terenzio,0
thorello,0
timoteo,0
tiziano,0
tore,0
tulio,0
uberto,0
ucello,0
ulderico,0
ullivieri,0
urbano,0
valentino,0
vanni,0
venceslao,0
vico,0
vincenzo,0
virgilio,0
vito,0
zan,0
aaron,0
abbott,0
abdul,0
abe,0
abel,0
abraham,0
absalom,0
adair,0
adam,0
addison,0
adler,0
adonis,0
adrian,0
aidan,0
ajay,0
akira,0
alastair,0
albert,0
aldwin,0
alex,0
alexis,0
alfred,0
alger,0
alphonse,0
alston,0
alton,0
amber,0
ambrose,0
americo,0
amin,0
amir,0
amos,0
an,0
ananias,0
ancil,0
andre,0
andrew,0
andy,0
angelo,0
anh,0
ansel,0
ansley,0
anson,0
anthony,0
anton,0
antonio,0
apollo,0
aramis,0
archer,0
archibald,0
archie,0
ardell,0
arden,0
ardley,0
argus,0
argyle,0
ariel,0
aristotle,0
arley,0
arman,0
armand,0
armstrong,0
arnette,0
arnie,0
arnold,0
arsenio,0
artemus,0
artie,0
arvid,0
asa,0
ashanti,0
ashburn,0
ashby,0
ashley,0
ashon,0
ashton,0
aston,0
athan,0
atkins,0
atlas,0
atley,0
attila,0
atwell,0
aubrey,0
auburn,0
audrey,0
august,0
aurelio,0
austin,0
averell,0
avery,0
axel,0
ayers,0
ackerley,0
adney,0
allard,0
amherst,0
aquiline,0
arledge,0
artis,0
audrey,0
bail,0
bancroft,0
barlet,0
barrington,0
beasley,0
berry,0
bertie,0
billy,0
birney,0
blythe,0
bond,0
bradburn,0
bradon,0
bradshaw,0
bramwell,0
brayden,0
brentley,0
brenton,0
brigham,0
bromley,0
bryton,0
bundy,0
burleigh,0
burnett,0
burton,0
cable,0
cameron,0
carsen,0
cedrick,0
chance,0
chapman,0
chaucey,0
cleve,0
cliff,0
cody,0
cooper,0
dalan,0
daniel,0
danish,0
darton,0
darwyn,0
dayton,0
delvin,0
denver,0
denzel,0
drue,0
dunstano,0
dyer,0
easton,0
ebner,0
edison,0
edward,0
elian,0
ellsworth,0
elston,0
elvin,0
erland,0
ervine,0
ever,0
ewing,0
farlane,0
farnell,0
farrar,0
filbert,0
fiske,0
fleming,0
ford,0
forester,0
frey,0
garfield,0
garrison,0
garroway,0
geary,0
gerry,0
gilbert,0
godwin,0
goldwin,0
graham,0
graydon,0
greyson,0
haden,0
haig,0
halbert,0
halifax,0
hallward,0
harding,0
harper,0
harrington,0
hartwell,0
heath,0
hilton,0
holmes,0
howie,0
howland,0
hunt,0
hutchinson,0
hyman,0
isaac,0
jagger,0
jameson,0
jarrell,0
jay,0
joshua,0
keaton,0
kemp,0
kendrell,0
kenward,0
key,0
kian,0
kingston,0
kirkley,0
klayton,0
kohl,0
kolt,0
koltan,0
lane,0
lathrop,0
lawson,0
lawton,0
leighton,0
lew,0
litton,0
lleyton,0
lord,0
lynden,0
maitland,0
mansfield,0
marden,0
marley,0
marston,0
mason,0
mavis,0
mayhew,0
merlin,0
milborough,0
moe,0
morgan,0
morley,0
nathan,0
newbold,0
nicholson,0
northcliff,0
nowles,0
nye,0
ormond,0
oswald,0
oxton,0
ozzie,0
padget,0
parr,0
pearson,0
pendle,0
peton,0
philbert,0
pickworth,0
pitt,0
preston,0
quenton,0
radford,0
raine,0
ralf,0
rand,0
ransford,0
rawleigh,0
raymond,0
redley,0
redpath,0
renton,0
reynold,0
ricker,0
ridgeway,0
ridley,0
ripley,0
roan,0
robin,0
roddy,0
rodney,0
rollo,0
rowell,0
royden,0
rumford,0
rycroft,0
rye,0
rylan,0
saige,0
sander,0
sax,0
seaton,0
sedgely,0
selby,0
sexton,0
shattuck,0
shelley,0
sherborn,0
sherill,0
shipley,0
sinjin,0
sladen,0
somerton,0
spear,0
stacey,0
stancliff,0
starr,0
stedman,0
stephenson,0
stevie,0
stockman,0
stoney,0
strong,0
stuart,0
suffield,0
sutcliff,0
swinbourne,0
symington,0
tallon,0
taner,0
tate,0
teasdale,0
templeton,0
thom,0
thorne,0
thurman,0
tilton,0
tolbert,0
tomlin,0
topper,0
torrie,0
treat,0
trey,0
truesdale,0
truman,0
tucker,0
ty,0
tymothy,0
vail,0
vince,0
wade,0
waite,0
walcott,0
wallace,0
walworth,0
wardell,0
wardley,0
warmond,0
watford,0
waylon,0
wellington,0
wesley,0
weylin,0
whistler,0
whitford,0
whitney,0
wilder,0
wilson,0
winfield,0
wingate,0
winthrop,0
wolfe,0
woodruff,0
wordsworth,0
wriston,0
wythe,0
young,0
michio,0
miki,0
mikio,0
minori,0
minoru,0
mitsuo,0
nao,0
naoki,0
naoko,0
noboru,0
nobuo,0
nobuyuki,0
nori,0
norio,0
osamu,0
rafu,0
raiden,0
rokuro,0
ronin,0
ryo,0
ryoichi,0
ryota,0
ryozo,0
ryuichi,0
ryuu,0
saburo,0
sadao,0
samuru,0
satoshi,0
seiichi,0
seiji,0
senichi,0
shichiro,0
shig,0
shigekazu,0
shigeo,0
shigeru,0
shima,0
shin,0
shinichi,0
shoichi,0
shoji,0
shuichi,0
shunichi,0
sin'ichi,0
susumu,0
tadashi,0
takahiro,0
takao,0
takashi,0
takayuki,0
takehiko,0
takeshi,0
takeshi,0
takumi,0
tama,0
tamotsu,0
taro,0
tatsuo,0
tatsuya,0
teruo,0
tetsuya,0
tomi,0
tomio,0
toru,0
toshi,0
toshiaki,0
toshihiro,0
toshio,0
toshiyuki,0
toyo,0
tsuneo,0
tsutomu,0
tsuyoshi,0
yasuhiro,0
yasuo,0
yasushi,0
yemon,0
yogi,0
yoichi,0
yori,0
yoshi,0
yoshiaki,0
yoshikazu,0
yoshimitsu,0
yoshinori,0
yoshio,0
yoshito,0
yoshiyuki,0
yuji,0
yuki,0
yukio,0
yuri,0
yutaka,0
yuu,0
yuudai,0
akemi,0
aki,0
akihiko,0
akihiro,0
akio,0
amida,0
atsushi,0
dai,0
daiki,0
daisuke,0
eiji,0
fujita,0
fumio,0
goro,0
hachiro,0
hajime,0
haru,0
hideaki,0
hideki,0
hideo,0
hiro,0
hiroaki,0
hiroki,0
hiromasa,0
hiroshi,0
hiroyuki,0
hisao,0
hisashi,0
hisoka,0
ichiro,0
isamu,0
isao,0
isas,0
iwao,0
izanagi,0
jiro,0
jo,0
joji,0
jun,0
jun'ichi,0
kanaye,0
kane,0
kano,0
katashi,0
katsu,0
katsuro,0
kazuhiko,0
kazuhiro,0
kazuo,0
keiji,0
ken,0
kenichi,0
kenji,0
kenta,0
kichiro,0
kin,0
kioshi,0
kisho,0
kiyoshi,0
koichi,0
koji,0
kyo,0
madoka,0
mamoru,0
manabu,0
masa,0
masaaki,0
masahiko,0
masahiro,0
masakazu,0
masaki,0
masanori,0
masao,0
masaru,0
masato,0
masayoshi,0
masayuki,0
michi,0
abbas,0
adem,0
ahmed,0
ahmet,0
alp,0
arash,0
arif,0
arkados,0
ata,0
aydin,0
aykut,0
bagatur,0
baghadur,0
baghatur,0
bahadir,0
bahi,0
baki,0
bari,0
baris,0
basir,0
bedir,0
berk,0
berkant,0
berker,0
bora,0
bulut,0
cagatay,0
cagri,0
cahit,0
cairo,0
can,0
candan,0
cengiz,0
coskun,0
direnc,0
ediz,0
emin,0
emre,0
engin,0
erdem,0
erdogan,0
eren,0
erol,0
evner,0
eyup,0
fadahunsi,0
fatin,0
feza,0
goker,0
guven,0
hakan,0
hakeem,0
halim,0
halit,0
hasad,0
himmet,0
hud,0
ibrahim,0
ihsan,0
ilhan,0
ilker,0
ilkin,0
iskander,0
iskender,0
ismet,0
jadallah,0
jebran,0
kabil,0
kadim,0
kadir,0
kahraman,0
kebir,0
kemal,0
kerem,0
khalid,0
khan,0
kiral,0
koray,0
kudret,0
levent,0
madarik,0
mamun,0
mehmed,0
mehmet,0
messut,0
mesud,0
mesut,0
metin,0
mukhtar,0
murat,0
muzaffer,0
nazik,0
nche,0
necati,0
ohannes,0
onan,0
osman,0
ottmar,0
oz,0
ozkan,0
ozqur,0
ozturk,0
qamar,0
rakin,0
said,0
salik,0
savas,0
sener,0
serhat,0
serkan,0
sevilen,0
sevim,0
shakir,0
sinan,0
soner,0
sukru,0
sukuru,0
suleiman,0
suleyman,0
tabari,0
tabib,0
temel,0
temin,0
tevfik,0
thabit,0
tolga,0
tugay,0
turan,0
turgay,0
umit,0
uner,0
volkan,0
xerxes,0
yavuz,0
yurcel,0
zeheb,0
zeki,0
ziya,0
zuhayr,0
adrik,0
afanas,0
afanasei,0
afanasii,0
akim,0
aleksei,0
aleksey,0
ambrosii,0
anastas,0
anastase,0
andrei,0
andrian,0
andrii,0
anisim,0
arkhip,0
arman,0
arseni,0
arseniy,0
baran,0
berdy,0
bohdan,0
boleslav,0
boris,0
borys,0
brencis,0
burian,0
cheslav,0
darit,0
denis,0
desya,0
dima,0
dmitrii,0
dmitriy,0
dmitry,0
dobry,0
dorofei,0
dorofey,0
egor,0
evgeni,0
evgenii,0
evgeniy,0
faddei,0
fadey,0
fedya,0
fedyenka,0
feliks,0
feofilakt,0
ferapont,0
florenti,0
foka,0
foma,0
garald,0
gavan,0
gedeon,0
gennadi,0
georgy,0
gerasim,0
german,0
gorya,0
grigori,0
grigorii,0
gyorgy,0
hedeon,0
helge,0
ipati,0
ippolit,0
isaak,0
isay,0
jasha,0
kamen,0
kazimir,0
kenya,0
kiril,0
kirill,0
klavdii,0
kliment,0
kolzak,0
konstantin,0
lavrentiy,0
lavrenty,0
lazar,0
leon,0
leonid,0
leonti,0
makar,0
martyn,0
maxim,0
mefodiy,0
mikhail,0
nazar,0
nazariy,0
nikodim,0
oleg,0
onisim,0
pabel,0
pavel,0
romochka,0
saveli,0
saveliy,0
savely,0
sergey,0
serguei,0
sevastian,0
slavik,0
spiridon,0
stanimir,0
stephan,0
timour,0
timur,0
tisha,0
tuman,0
tusya,0
vadim,0
valery,0
vanya,0
vassily,0
vasya,0
venedikt,0
vikenti,0
viktor,0
vlad,0
wladimir,0
vladislav,0
vsevolod,0
wanya,0
yan,0
yanick,0
yasen,0
yasha,0
yedidya,0
yemelyan,0
yevgeni,0
youri,0
yov,0
yuri,0
yustyn,0
zakhar,0
zinoviy,0
abelardo,0
alejandro,0
anton,0
antonin,0
arlo,0
arrio,0
artemio,0
bebe,0
beinvenido,0
bembe,0
bertin,0
buinton,0
carlito,0
carlos,0
cedro,0
che,0
chago,0
charro,0
chavez,0
checha,0
cheche,0
chenche,0
chencho,0
chicho,0
chilo,0
chuminga,0
chumo,0
cid,0
cidro,0
cisco,0
clodoveo,0
cortez,0
dacey,0
dalmacio,0
dantel,0
dario,0
dasio,0
dato,0
deante,0
decarlos,0
decimus,0
decio,0
decoroso,0
delmar,0
deocaro,0
deodato,0
deseado,0
desiderio,0
desierto,0
deuce,0
dexter,0
diego,0
dominic,0
donaldo,0
duardo,0
duran,0
edgardo,0
edmundo,0
efren,0
elonzo,0
elvio,0
emerenciano,0
emilien,0
emilio,0
eron,0
ermano,0
ermino,0
ernesto,0
estevan,0
evarado,0
ezio,0
faron,0
faroh,0
farruco,0
favian,0
felisardo,0
fermin,0
fico,0
fidel,0
fidencio,0
filiberto,0
floriano,0
focio,0
fraco,0
francisco,0
fraterno,0
fredo,0
galeaso,0
galeno,0
gallan,0
ganimedes,0
garcia,0
genaro,0
gencio,0
geraldo,0
gilberto,0
gonzalo,0
graciano,0
grau,0
grimoaldo,0
guillermo,0
gustavo,0
gutierre,0
herculano,0
hilario,0
hipacio,0
hipolito,0
horacio,0
horado,0
huberto,0
iggy,0
ilidio,0
incencio,0
incendio,0
indibil,0
isadoro,0
jade,0
jenaro,0
joaquin,0
jorgeluis,0
jose,0
josealfredo,0
joseantonio,0
josemanuel,0
josue,0
juan,0
julian,0
justino,0
karlos,0
laurencio,0
lelio,0
libanio,0
lisandro,0
lobo,0
lorenzo,0
lucio,0
luis,0
luisenrique,0
mio,0
macario,0
maceo,0
macerio,0
maciel,0
mancio,0
mango,0
marceliano,0
marius,0
martinez,0
martese,0
mateo,0
matteo,0
mauricio,0
merlino,0
miguel,0
mique,0
mirco,0
montez,0
naldo,0
naolin,0
napier,0
natal,0
nelo,0
nemesio,0
neopolo,0
nero,0
neron,0
nesto,0
nestor,0
neto,0
nigel,0
niguel,0
norberto,0
oalo,0
octavio,0
oleos,0
olivero,0
oratio,0
ostiano,0
oswaldo,0
othello,0
pancho,0
paquito,0
patricio,0
paz,0
pedro,0
pepe,0
perico,0
peyo,0
pilar,0
pilato,0
pio,0
pitin,0
porcio,0
porfirio,0
prudencio,0
pueblo,0
quintiliano,0
quito,0
rafael,0
ramirez,0
raymon,0
real,0
remedio,0
remegio,0
renzo,0
respicio,0
rey,0
reynaldo,0
ricardo,0
rio,0
riqui,0
rodrigo,0
rodriquez,0
rogelio,0
rolon,0
roman,0
romulus,0
salamon,0
salviano,0
santino,0
sarito,0
secundus,0
segundino,0
selesio,0
senon,0
sereno,0
servando,0
sidonio,0
siervo,0
silverio,0
simeon,0
socorro,0
stancio,0
taciano,0
tarsicio,0
tatius,0
tauro,0
tavio,0
teyo,0
tiago,0
ticiano,0
tino,0
topo,0
toro,0
turi,0
tutu,0
valien,0
valiente,0
valor,0
varian,0
ventura,0
vergil,0
victor,0
vidal,0
vincente,0
vito,0
viviano,0
vladimiro,0
xenaro,0
xeneroso,0
ximen,0
ximenes,0
xusto,0
yago,0
yobanis,0
zacaris,0
bao,0
bay,0
bianh,0
binh,0
buu,0
chien,0
chinh,0
cuong,0
dai,0
danh,0
dinh,0
duc,0
dung,0
duong,0
duy,0
gia,0
hao,0
christian,0
christian,0
christian,0
christian,0
kristian,0
kilian,0
detlef,0
stephan,0
stefan,0
hien,0
hieu,0
hoang,0
hoc,0
hung,0
huu,0
huy,0
huynh,0
hy,0
kim,0
lap,0
long,0
minh,0
nam,0
ngai,0
nghia,0
aidan,0
alan,0
argyle,0
arlen,0
bain,0
bainbridge,0
banan,0
bard,0
beacan,0
beagan,0
blaine,0
bowie,0
brannen,0
breandan,0
breck,0
brendan,0
brian,0
brodie,0
cadman,0
cadmar,0
cahal,0
caley,0
callahan,0
callum,0
canice,0
car,0
carney,0
carrick,0
carroll,0
casey,0
cass,0
cassie,0
cathal,0
cavan,0
cavin,0
cearul,0
cian,0
ciaran,0
cillian,0
clancy,0
clooney,0
coilin,0
colm,0
colman,0
conall,0
conan,0
conchobhar,0
conlaoch,0
conleth,0
corey,0
cormac,0
cronan,0
dalaigh,0
daran,0
darby,0
darien,0
darren,0
daryn,0
declan,0
dempsey,0
dermot,0
desmond,0
devan,0
devin,0
diarmuid,0
dillian,0
dinsmore,0
dolan,0
donnell,0
donyell,0
dougal,0
doyle,0
dubham,0
dubhlainn,0
dwayne,0
eamon,0
eirnin,0
enda,0
ennis,0
eoghan,0
evan,0
faolan,0
farrell,0
feidhelm,0
fergal,0
fergus,0
finbar,0
fineas,0
finlay,0
finnegan,0
fintan,0
fionn,0
flynn,0
gael,0
galbraith,0
galloway,0
gannon,0
garrett,0
garvey,0
gerrit,0
gilchrist,0
gillespie,0
gilroy,0
girvin,0
glenrowan,0
godfrey,0
grady,0
hagen,0
haley,0
harkin,0
hogan,0
hugh,0
innis,0
irv,0
irvin,0
kaelan,0
kaenan,0
kagan,0
kallen,0
karney,0
kassidy,0
kaylan,0
kaylon,0
keano,0
kearney,0
keaven,0
keefe,0
keegan,0
keelan,0
keeley,0
keenen,0
kegan,0
keilan,0
keion,0
keiran,0
keivan,0
kelan,0
keller,0
kelly,0
kenan,0
kendric,0
kennedy,0
kenneth,0
kennith,0
kenyon,0
kermit,0
kerry,0
kevin,0
kevion,0
kevyn,0
keyan,0
kian,0
kienan,0
kieran,0
kinnard,0
kirian,0
konner,0
korrigan,0
kraig,0
ky,0
kylan,0
kylian,0
larkin,0
lawler,0
lennon,0
lian,0
liem,0
lochan,0
lochlan,0
logan,0
lorcan,0
lunn,0
lynch,0
macallister,0
maccoy,0
mackenzie,0
mackinley,0
maclean,0
macmurray,0
madon,0
magee,0
mahon,0
makenzie,0
malachy,0
malvin,0
mannix,0
mccoy,0
mckinley,0
melrone,0
melvin,0
merv,0
mickey,0
monahan,0
monroe,0
moss,0
neil,0
nevin,0
niall,0
nolan,0
odhran,0
oisin,0
owney,0
padraic,0
parth,0
pearse,0
phelan,0
phinean,0
quillan,0
quinn,0
rafer,0
raghnall,0
reagan,0
redmond,0
reilly,0
renny,0
rian,0
riddock,0
riordan,0
ronan,0
ruairi,0
ryan,0
ryen,0
scanlon,0
scully,0
seamus,0
sean,0
shai,0
shain,0
shan,0
shane,0
shannon,0
shawn,0
shaye,0
sheary,0
sheehan,0
sheridan,0
sloan,0
strahan,0
sweeney,0
taggart,0
tain,0
teagan,0
teague,0
tenner,0
tiarnan,0
tiarnan,0
tighe,0
tomey,0
torian,0
tormey,0
torn,0
torrance,0
torrin,0
trebor,0
trevar,0
trevor,0
troy,0
tully,0
uaine,0
ualtar,0
uilliam,0
uistean,0
ultan,0
addolorata,1
adoracion,1
adriana,1
adrienna,1
adrienne,1
agata,1
agostina,1
aida,1
aixa,1
alba,1
albertina,1
alda,1
alessa,1
alessandra,1
alessia,1
alica,1
allegria,1
aloma,1
alonza,1
amadea,1
amaranta,1
ambra,1
amedea,1
anata,1
andreana,1
andreyna,1
angelica,1
annalisa,1
annetta,1
annunciata,1
annunziata,1
anonciada,1
anthony,1
antonietta,1
anzia,1
aparicia,1
ardella,1
aricela,1
arvella,1
aryana,1
assunta,1
augustina,1
auristela,1
avis,1
---,1
bambi,1
beata,1
benedicta,1
bianca,1
bianka,1
bionca,1
blanca,1
bonafila,1
brina,1
caeli,1
caltha,1
camelia,1
camila,1
candida,1
capri,1
carina,1
carling,1
carlotta,1
carolina,1
caryl,1
ceanna,1
ceres,1
chassidy,1
chiara,1
cinnia,1
clarisse,1
clemence,1
concetta,1
connie,1
crista,1
crysta,1
crystal,1
daniela,1
dejanira,1
dextra,1
dianora,1
digna,1
divya,1
donia,1
donna,1
donya,1
doreen,1
drusi,1
eligia,1
eligia,1
elimena,1
emerita,1
emilia,1
ermine,1
faline,1
fe,1
feliciana,1
felicitas,1
filippa,1
filomena,1
fiorel,1
fiorella,1
flaviana,1
francesca,1
francisca,1
fronde,1
gabriela,1
gabriella,1
garcia,1
gentl,1
geovanna,1
gessica,1
gia,1
giacinta,1
gianna,1
gina,1
giordana,1
giovanni,1
giulana,1
giulia,1
giunia,1
giuseppina,1
gloria,1
grecia,1
guillelmina,1
idara,1
imogene,1
inmaculada,1
isabela,1
italina,1
jacobella,1
jae,1
jianna,1
jillaine,1
joslin,1
jovannie,1
jovina,1
julia,1
justin,1
justyna,1
jyllian,1
kamelia,1
kamie,1
klementine,1
lacole,1
laeticia,1
latisha,1
laura,1
laurence,1
lave,1
laviana,1
ledicia,1
leonila,1
libertad,1
lide,1
lionetta,1
lirica,1
lorenza,1
lucerne,1
lucia,1
lucrezia,1
lucy,1
madonna,1
majesta,1
marceliana,1
marcella,1
marena,1
margarita,1
mariaelena,1
marica,1
marice,1
marietta,1
mariola,1
markell,1
marsala,1
martia,1
maxima,1
mellea,1
merces,1
mesalina,1
messina,1
mia,1
michel,1
michele,1
michelina,1
micheline,1
milan,1
milana,1
mirabel,1
modesta,1
myra,1
neoline,1
nicola,1
noleta,1
nolita,1
olethea,1
ona,1
ora,1
orazia,1
orlena,1
orquidea,1
ortensia,1
otavia,1
paciana,1
paola,1
patrizia,1
paulette,1
peramata,1
perlita,1
pila,1
piscina,1
placida,1
poppy,1
precila,1
primavera,1
priscila,1
prudence,1
quartilla,1
quintilia,1
raine,1
refugio,1
restituta,1
ricadonna,1
ronica,1
rosa,1
rosella,1
rosetta,1
rufa,1
sabina,1
salustiana,1
salvatora,1
savina,1
september,1
serotina,1
severina,1
shilah,1
silvia,1
stella,1
sylvana,1
taesha,1
teara,1
tera,1
terrene,1
tiarra,1
tifani,1
tiffy,1
torcuata,1
traviata,1
trish,1
tristin,1
umbelina,1
val,1
valentia,1
valli,1
vedette,1
venecia,1
venetia,1
venezia,1
venice,1
verbena,1
verita,1
veronika,1
vi,1
victory,1
viktoria,1
virgilia,1
visitacion,1
vivalda,1
xabrina,1
yoseline,1
zia,1
zinerva,1
zoila,1
zola,1
adana,1
adela,1
adeline,1
adison,1
adiva,1
adleigh,1
adora,1
adoracion,1
adrian,1
adrina,1
aiden,1
aimee,1
aina,1
airianna,1
aiya,1
akemi,1
alana,1
aldana,1
aldora,1
alex,1
alfreda,1
alicen,1
alicia,1
aliya,1
allison,1
allysha,1
alma,1
almunda,1
aloise,1
alvina,1
amalia,1
amaliah,1
amana,1
amancia,1
amanda,1
amba,1
ambalika,1
amberlee,1
ambra,1
amelia,1
amita,1
anais,1
anamaria,1
anarosa,1
ancora,1
andeana,1
andra,1
andresa,1
angelique,1
angelisa,1
anh,1
anissa,1
ann,1
anne,1
anona,1
ansleigh,1
anya,1
anyssa,1
anzia,1
apia,1
april,1
ardelle,1
arden,1
arella,1
ari,1
arianne,1
arica,1
arietta,1
arleigh,1
arlette,1
armine,1
arnette,1
arnonna,1
artha,1
arthelea,1
arti,1
artis,1
asheley,1
ashlea,1
ashleigh,1
ashlyn,1
ashten,1
aspen,1
astra,1
atalia,1
atanasia,1
athalia,1
aubriana,1
audra,1
audree,1
audrey,1
audrina,1
aurelia,1
avaline,1
avery,1
aya,1
ayah,1
aziza,1
addison,1
adelina,1
adilene,1
adison,1
adriane,1
airianna,1
alishia,1
allison,1
allysen,1
alvina,1
anabel,1
anamaria,1
anisha,1
ann,1
ann marie,1
annaliesa,1
annie,1
ardine,1
arlette,1
asheley,1
ashlan,1
ashlea,1
ashlin,1
ashtyn,1
astra,1
audreanne,1
audrey,1
audriana,1
avaline,1
avian,1
baylea,1
beverly,1
billie,1
blake,1
blossom,1
blythe,1
bonnie,1
braeden,1
brandon,1
bree,1
brillana,1
brittan,1
britton,1
brittony,1
brook,1
bryttani,1
cady,1
carleigh,1
carley,1
carolynn,1
catie,1
chance,1
chandler,1
channing,1
charlene,1
chelsey,1
cherish,1
chevonne,1
chrissy,1
clare,1
codi,1
cooper,1
coralin,1
cortnee,1
courtney,1
dalton,1
darla,1
darnell,1
darnelle,1
dawn,1
daylan,1
daytona,1
delight,1
della,1
delores,1
deysi,1
doe,1
domino,1
dona,1
dreama,1
dutchess,1
earlene,1
earwyn,1
ebony,1
edeline,1
edeva,1
edith,1
elethea,1
eletta,1
ella,1
ellice,1
elvia,1
enchanta,1
eppie,1
erthe,1
estee,1
farrah,1
faythe,1
fern,1
fleta,1
flossie,1
gardenia,1
gayle,1
genna,1
georgene,1
geri,1
gidget,1
ginny,1
godgifu,1
goldine,1
nilufar,1
gracie,1
grant,1
grayson,1
gypsy,1
haile,1
halsey,1
harlee,1
harleen,1
harper,1
haylan,1
heather,1
henrietta,1
holly,1
hollyann,1
hollyn,1
hope,1
idalis,1
imogene,1
ivey,1
jackie,1
jan,1
jannie,1
jayne,1
jaynee,1
jeraldine,1
joana,1
joleen,1
julie,1
kaira,1
kandi,1
karalynn,1
kastle,1
kathryn,1
katreen,1
katy,1
kaylee,1
keeley,1
kendahl,1
kendell,1
kenley,1
kim,1
kimberly,1
kindra,1
kizzy,1
kym,1
kymberly,1
kymberlyn,1
lallie,1
laney,1
lanie,1
lark,1
laureanne,1
laurianne,1
laveda,1
leeanne,1
leoma,1
levita,1
lillyann,1
lindsay,1
linsey,1
lisbeth,1
liz,1
lizbeth,1
lorena,1
lulie,1
lynae,1
lyndell,1
lynn,1
madalaine,1
maddison,1
madelena,1
madelene,1
mae,1
malva,1
marcelina,1
maretta,1
margie,1
maridel,1
marlaina,1
marta,1
marti,1
mary ann,1
mavis,1
meg,1
melicent,1
mercia,1
mercy,1
mildred,1
missy,1
myla,1
nelly,1
norma,1
norvella,1
odella,1
oriel,1
ornelle,1
osma,1
parker,1
patience,1
payge,1
pierce,1
precious,1
princess,1
rainbow,1
randall,1
randy,1
raven,1
rayven,1
reid,1
remington,1
robert,1
robyn,1
rosalee,1
rosanna,1
rosanne,1
rosemary,1
roz,1
sable,1
sabrine,1
saige,1
salliann,1
saundra,1
sebrina,1
sharen,1
shelee,1
sherley,1
sommer,1
spenser,1
starla,1
starlyn,1
stockard,1
stormy,1
sunny,1
suzanne,1
taelar,1
tailor,1
tanner,1
tatum,1
tawni,1
tayana,1
tayler,1
teal,1
tempest,1
topsy,1
torrie,1
trilby,1
twyla,1
tylor,1
udele,1
velma,1
verna,1
victory,1
wanetta,1
waynette,1
westina,1
whitnee,1
whitnie,1
willette,1
winnie,1
wren,1
zoey,1
ai,1
aiko,1
aiya,1
akane,1
akira,1
amaya,1
ami,1
aratani,1
asa,1
ayaka,1
ayame,1
ayumi,1
chiasa,1
chieko,1
chika,1
chinami,1
chiyoko,1
cho,1
dai,1
daruma,1
den,1
ena,1
eri,1
eshima,1
fuji,1
fumiko,1
gen,1
gina,1
hanako,1
hanan,1
haru,1
haruka,1
hatsu,1
hayami,1
hideyo,1
hikaru,1
hiriko,1
hiroko,1
hisa,1
hoshi,1
ima,1
isamu,1
jin,1
jun,1
kaiyo,1
kameyo,1
kame,1
kameyo,1
kano,1
kaori,1
kata,1
katsumi,1
kazashi,1
kazue,1
kazumi,1
keiko,1
kichi,1
kiko,1
kimi,1
kioko,1
kishi,1
kiwa,1
kiyoko,1
koemi,1
kohana,1
koko,1
koma,1
koto,1
kozakura,1
kukiko,1
kumi,1
kura,1
kurva,1
kyoto,1
mai,1
maiko,1
mamiko,1
manami,1
maria,1
maru,1
masako,1
masumi,1
matsuko,1
mayoko,1
michiko,1
midori,1
miki,1
mikie,1
mine,1
minako,1
mirai,1
misao,1
mitsu,1
miyah,1
miyo,1
miyuki,1
momo,1
morie,1
morina,1
mura,1
mutsuko,1
namika,1
nana,1
nanami,1
nara,1
narumi,1
natsuko,1
nayoko,1
nori,1
nozomi,1
nyoko,1
orino,1
ran,1
reiko,1
rieko,1
rini,1
risa,1
rui,1
ruri,1
ryoko,1
sachi,1
sadashi,1
sai,1
sakae,1
sakiko,1
sakurako,1
satoko,1
seijun,1
seina,1
sen,1
shaiwase,1
shige,1
shiho,1
shika,1
shinju,1
shinobu,1
shizu,1
shoma,1
someina,1
sorano,1
suki,1
sumiye,1
sute,1
take,1
takako,1
takara,1
tamaki,1
tamane,1
tani,1
taree,1
tatsu,1
toki,1
tokiwa,1
tomone,1
tora,1
toshi,1
tsuru,1
ume,1
umi,1
utano,1
wakumi,1
wattan,1
yo,1
yoko,1
yori,1
yoshima,1
yuka,1
yume,1
yumi,1
yuri,1
ahu,1
akila,1
aliye,1
altair,1
arka,1
aruba,1
asli,1
aygul,1
ayla,1
aylin,1
aysen,1
aysu,1
badia,1
basak,1
belgin,1
bercu,1
bilge,1
cagdas,1
canan,1
cari,1
ceren,1
derya,1
dilara,1
dolunay,1
duygu,1
ebru,1
ece,1
ekin,1
rina,1
elif,1
elma,1
elmas,1
emel,1
emine,1
esen,1
eser,1
esin,1
esma,1
fairuza,1
fatimah,1
fatma,1
feride,1
fidan,1
filiz,1
fusun,1
gizem,1
gonca,1
gonul,1
gozde,1
gulsen,1
halime,1
hande,1
harika,1
havva,1
hazan,1
hulya,1
huri,1
inci,1
irmak,1
jamilia,1
kadira,1
kelebek,1
ketifa,1
kuva,1
lale,1
maja,1
maysun,1
melek,1
melika,1
merak,1
meryem,1
muge,1
mukkerren,1
nada,1
naila,1
najila,1
nebia,1
nergis,1
neshe,1
neshele,1
nesrin,1
neylan,1
nildag,1
nilufer,1
ozcicek,1
ozge,1
ozgur,1
ozlem,1
pembe,1
pinar,1
quibele,1
rasha,1
reyha,1
sabiya,1
sahara,1
samira,1
sarila,1
sayan,1
sebnem,1
sema,1
semaj,1
sempa,1
semra,1
sevgi,1
shakela,1
shaza,1
simge,1
su,1
talih,1
tarbula,1
taze,1
tulay,1
tulaya,1
umay,1
umita,1
umut,1
unjo,1
yagmur,1
yaz,1
yesenia,1
yesim,1
yeter,1
yildiz,1
yonca,1
zehiya,1
zerdali,1
zerrin,1
zulma,1
agafiia,1
agafya,1
aglaya,1
agrippa,1
akilina,1
aleksandra,1
aleksandrina,1
alina,1
alisa,1
alla,1
alma,1
anastasiya,1
anechka,1
ania,1
anitchka,1
aniya,1
annushka,1
anoushka,1
anouska,1
anzhelina,1
apollinariya,1
arina,1
arisha,1
avdotia,1
avdotya,1
boleslava,1
brania,1
breasha,1
capeka,1
catia,1
darya,1
dasha,1
dashia,1
devora,1
doroteya,1
ekaterina,1
elena,1
elizaveta,1
evgenia,1
gasha,1
gelya,1
inga,1
inna,1
irena,1
irta,1
ivanna,1
jekaterina,1
karina,1
katerina,1
katerinka,1
katia,1
kira,1
klavdiya,1
lada,1
lana,1
lara,1
lidiya,1
liolya,1
lubmilla,1
ludmila,1
lyubov,1
magdalina,1
maleetva,1
manya,1
mara,1
marisha,1
mariya,1
matryona,1
matryosha,1
matryoshka,1
melana,1
mika,1
miskaela,1
motya,1
mudraya,1
mudry,1
nadya,1
nadyenka,1
naida,1
nastassya,1
nastasya,1
nastia,1
natasha,1
natashia,1
nessa,1
nikkita,1
nikolaevna,1
ninochka,1
nonna,1
ogrifina,1
ogrofena,1
ogrofenka,1
oksanochka,1
olechka,1
olia,1
olya,1
ovdotia,1
oxana,1
pheodora,1
polina,1
praskoviya,1
rai,1
raisa,1
raiya,1
sabina,1
sacha,1
slava,1
snezhana,1
sonya,1
stepania,1
stesha,1
syuzanna,1
taina,1
talya,1
taneya,1
tania,1
taniya,1
tatyana,1
tedya,1
tekla,1
udacha,1
ustinya,1
valentina,1
vania,1
varushka,1
varvara,1
viktoriya,1
yelisabeta,1
yelizaveta,1
yeva,1
yevdokiya,1
yevpraksiya,1
yuliya,1
zakelina,1
zenevieva,1
zeonchka,1
zhanna,1
zinaida,1
zinoviya,1
abrienda,1
adana,1
agalia,1
alameda,1
alandra,1
aldonsa,1
alejandra,1
alejandrina,1
aleta,1
alma,1
almunda,1
aloise,1
alondra,1
alonzia,1
altamira,1
alva,1
alvarita,1
alvera,1
amaranta,1
amedia,1
anatalia,1
ancarla,1
andeana,1
angelita,1
aniceta,1
antigua,1
antoliana,1
apolinaria,1
aracela,1
aracelis,1
arnalda,1
aryiola,1
ascenscion,1
asela,1
atanasia,1
aurquena,1
basiana,1
bebe,1
belinda,1
benicio,1
benjamina,1
bienvenida,1
briselda,1
buena,1
camelia,1
camino,1
camiria,1
cancia,1
candeleria,1
carem,1
castana,1
catalin,1
catalina,1
chadelaria,1
chalina,1
chiquita,1
ciprina,1
cira,1
clemencia,1
clodina,1
coco,1
conceta,1
conchita,1
corazon,1
corisande,1
cruz,1
cruzita,1
damacia,1
damiana,1
damicia,1
damita,1
danas,1
danita,1
delfina,1
delicias,1
delma,1
delmira,1
destina,1
devera,1
diosa,1
dolores,1
doncia,1
donetta,1
donia,1
donila,1
donita,1
dorbeta,1
duella,1
duena,1
dulcina,1
eldora,1
eleadora,1
elenita,1
elysa,1
emeralda,1
eneida,1
epifana,1
eremita,1
erendira,1
especial,1
estebana,1
estefani,1
estella,1
etel,1
eumelia,1
eutimia,1
faqueza,1
farona,1
faustina,1
finura,1
flores,1
florida,1
fuensanta,1
generosa,1
ginesa,1
gotzone,1
gracia,1
guillermina,1
guioma,1
heriberto,1
hermenegilda,1
honoratas,1
iberia,1
idoia,1
iluminada,1
immaculada,1
inocencia,1
inoceneia,1
isabel,1
isabelle,1
isona,1
itsel,1
izabella,1
izazcun,1
jacinta,1
jaden,1
jadie,1
jaimica,1
jaione,1
jaira,1
jameika,1
jamica,1
jayden,1
jaydon,1
josune,1
joyceta,1
juandalyn,1
juanita,1
julita,1
klarita,1
lali,1
laneva,1
laurinda,1
laurita,1
lavinia,1
lindeza,1
lita,1
lorda,1
loreto,1
lucita,1
luisa,1
luvenia,1
lynda,1
lyndee,1
madra,1
madrona,1
maitana,1
maitane,1
maria del mar,1
maricelia,1
marilin,1
marilu,1
mariquilla,1
marisol,1
marisol,1
marquilla,1
mejorana,1
milagros,1
monita,1
montana,1
nachine,1
naiara,1
natividad,1
neena,1
nelia,1
neva,1
nevada,1
nevara,1
nila,1
nilda,1
nunila,1
octaviana,1
orieta,1
osane,1
osita,1
paca,1
paladia,1
paloma,1
paloma,1
pancha,1
paz,1
piedad,1
pilar,1
presta,1
prima,1
providencia,1
purisima,1
querida,1
raa,1
raeca,1
ramona,1
real,1
reseda,1
reya,1
richa,1
rigel,1
roja,1
roldana,1
rosalba,1
rosalin,1
rosalina,1
rosamund,1
roseline,1
rosetta,1
rosilla,1
rosmaria,1
rozolia,1
ruana,1
sabria,1
sagrario,1
salbatora,1
sandia,1
sarita,1
sata,1
senona,1
sephira,1
serrana,1
silveria,1
simona,1
solana,1
soledad,1
somona,1
sonora,1
sonsoles,1
suela,1
teena,1
teodomira,1
tercera,1
terciera,1
tobiana,1
toya,1
trena,1
trenita,1
trevia,1
tsivya,1
unida,1
usoa,1
valencia,1
vianca,1
vida,1
vittoria,1
xalbadora,1
xeveria,1
ximena,1
yomaris,1
ysabel,1
zana,1
zaneta,1
zaviera,1
zobeida,1
zoila,1
anh,1
be,1
bian,1
bich,1
cai,1
cam,1
chau,1
cuc,1
hai,1
hang,1
hanh,1
hao,1
christina,1
christina,1
christine,1
christine,1
kristina,1
hoa,1
hue,1
huong,1
hwa,1
hyunh,1
kim,1
kim cuc,1
kim-ly,1
lang,1
lien,1
linh,1
mai,1
ailis,1
airleas,1
aisling,1
aislinn,1
alaina,1
alana,1
alanah,1
alanis,1
alayna,1
allana,1
arthelea,1
artis,1
ashleen,1
barran,1
barrie,1
berget,1
biddy,1
blaine,1
blayne,1
bre,1
breahna,1
breann,1
breauna,1
breean,1
breeana,1
breigh,1
brenda,1
breona,1
bret,1
breyana,1
bria,1
briana,1
brianca,1
brianna,1
bridget,1
bridgett,1
brienna,1
brigid,1
brita,1
brodie,1
bryana,1
bryanne,1
byanna,1
caecey,1
cafleen,1
caitlyn,1
calumina,1
carenza,1
carleen,1
carra,1
carrigan,1
casey,1
cathleen,1
catlin,1
ceara,1
ceilidh,1
chevon,1
ciarra,1
cierra,1
coleen,1
colleen,1
collina,1
corey,1
corie,1
cory,1
curran,1
cyerra,1
dacia,1
dallis,1
darci,1
darcy,1
daron,1
deidre,1
deirdre,1
delanie,1
derry,1
devan,1
devinne,1
devyn,1
dillan,1
dimna,1
dympna,1
earlene,1
eavan,1
edana,1
eileen,1
enat,1
erin,1
erline,1
eryn,1
fallon,1
falon,1
falyn,1
fenella,1
fenna,1
ferren,1
fionnula,1
flanna,1
flannery,1
gitta,1
gladis,1
igraine,1
ilene,1
irvette,1
isibeal,1
kacy,1
kaetlyn,1
kafleen,1
kaitlin,1
kaitlyn,1
kasidy,1
kasie,1
kassidee,1
katalina,1
kateland,1
katelin,1
kathleen,1
kathlyn,1
katilyn,1
keaira,1
keara,1
keegan,1
keeley,1
keelin,1
keena,1
keiara,1
keily,1
keiona,1
keli,1
kelia,1
kelley,1
kelly,1
kennadi,1
kennedie,1
keoni,1
kerri,1
kerry,1
kevina,1
kevyn,1
kiara,1
kieran,1
kilee,1
kolleen,1
kyara,1
kylah,1
larlene,1
lassie,1
lavena,1
logan,1
mab,1
mabbina,1
mackinsey,1
maegan,1
maeve,1
maire,1
mairi,1
mavia,1
maygan,1
meagan,1
meara,1
megane,1
meriel,1
mirna,1
molly,1
mona,1
morrin,1
myrna,1
neely,1
neila,1
nia,1
niam,1
niamh,1
noraleen,1
noreen,1
nuala,1
nya,1
nyia,1
oran,1
oriella,1
orla,1
o'shea,1
payten,1
peighton,1
phallon,1
raegan,1
ragan,1
raley,1
ranait,1
reganne,1
reghan,1
rhonwyn,1
riana,1
richael,1
rileigh,1
riley,1
riona,1
roisina,1
rori,1
ryanna,1
ryanne,1
rylee,1
rylie,1
seirra,1
shae,1
shaela,1
shae-lynn,1
shai,1
shailynn,1
shalene,1
shanee,1
shanie,1
shanley,1
shannah,1
shannen,1
shannon,1
shaun,1
shaunda,1
shauntae,1
shawn,1
shawndelle,1
shawnta,1
shaya,1
shayann,1
shayanne,1
shayla,1
shaylah,1
shaylee,1
shaylen,1
shaylene,1
shaylie,1
shaylyn,1
shaylynn,1
shea,1
shena,1
sheridan,1
shona,1
shonda,1
shonna,1
shontavia,1
sianna,1
siara,1
sina,1
sinead,1
siobhan,1
sullivan,1
tarah,1
tari,1
tarin,1
tarrah,1
taryn,1
teria,1
tierney,1
tigris,1
trevina,1
trevona,1
tristian,1
tristianna,1
troy,1
troya,1
tully,1
ula,1
vevila,1
freda,1
daria,1
lorraine,1
randene,1
jackelyn,1
hannibal,1
coleen,1
barbey,1
karola,1
danyette,1
jessamyn,1
agace,1
kati,1
edwina,1
donetta,1
devan,1
cesya,1
lolita,1
magda,1
erin,1
pamela,1
sal,1
merralee,1
jasmine,1
aura,1
christian,1
shel,1
roseline,1
golda,1
darci,1
suzanna,1
robinette,1
sheeree,1
dorolice,1
maiga,1
ariel,1
yelena,1
sheelah,1
terrianne,1
tressa,1
joletta,1
cally,1
meaghan,1
neysa,1
lacy,1
loralyn,1
constanta,1
norina,1
charline,1
leonie,1
jade,1
emmaline,1
estella,1
winnah,1
quintina,1
jess,1
queada,1
estele,1
binnie,1
anitra,1
donna,1
ilyse,1
nadiya,1
casie,1
rhody,1
deborah,1
cecilla,1
jere,1
marcela,1
mikako,1
margalo,1
arleta,1
dalia,1
gigi,1
ricca,1
carmelita,1
willi,1
melonie,1
deeanne,1
dannie,1
roxane,1
hermina,1
sonja,1
gilda,1
kimmy,1
ally,1
sharna,1
randa,1
olva,1
lind,1
leeann,1
frayda,1
addie,1
nanete,1
ragnhild,1
sidonnie,1
agata,1
angelica,1
mureil,1
bea,1
lynelle,1
cordy,1
cassi,1
jilly,1
celestina,1
starlene,1
lorianna,1
lauralee,1
lavena,1
idette,1
amy,1
geraldina,1
noni,1
wallie,1
elli,1
seline,1
megen,1
marta,1
britani,1
nelle,1
shannon,1
kirstyn,1
imogene,1
dode,1
raina,1
siobhan,1
damita,1
annetta,1
gertrud,1
rheta,1
floria,1
suzette,1
eadie,1
leslie,1
jourdan,1
hephzibah,1
perrine,1
felice,1
nelia,1
carree,1
yevette,1
corene,1
elvina,1
geralda,1
rosalie,1
timmy,1
cher,1
leanna,1
mary,1
carlisle,1
maryrose,1
laverna,1
emmi,1
bekki,1
lucille,1
candide,1
ivory,1
modesta,1
fara,1
iona,1
sallie,1
alexis,1
clemmie,1
lyndsey,1
leoline,1
aloysia,1
eleonora,1
timothea,1
murial,1
lynne,1
brigit,1
tandie,1
agnese,1
emmie,1
jeanelle,1
darcy,1
dorena,1
raynell,1
carol-jean,1
ruthie,1
kristyn,1
katha,1
maddy,1
rosetta,1
ileana,1
karena,1
karlotta,1
orel,1
angie,1
farrah,1
arda,1
lona,1
doroteya,1
benedicta,1
jenni,1
benny,1
glynis,1
catrina,1
heidi,1
aloise,1
vivyanne,1
pippa,1
honor,1
ainslie,1
melisenda,1
modesty,1
inger,1
kaylyn,1
joli,1
claudine,1
stephie,1
darline,1
anais,1
bethena,1
noami,1
elisabeth,1
dorthea,1
halie,1
michaeline,1
henka,1
blondelle,1
stepha,1
jacquie,1
arianne,1
danell,1
ted,1
allyce,1
darcie,1
yehudit,1
kevina,1
esma,1
mellie,1
nicholle,1
dyann,1
ilse,1
thomasin,1
silvana,1
karel,1
nanine,1
pegeen,1
agretha,1
thekla,1
theresina,1
almeda,1
elicia,1
shantee,1
brande,1
elysha,1
calley,1
danit,1
elfrieda,1
roby,1
nettie,1
dulcea,1
cynthea,1
ora,1
sarina,1
rissa,1
kamillah,1
shirley,1
tabbatha,1
bianka,1
rasia,1
guendolen,1
tally,1
cathrine,1
jamie,1
barbra,1
atlante,1
tani,1
jacky,1
anni,1
annice,1
sharleen,1
nannette,1
lorette,1
una,1
almeta,1
cammy,1
cybel,1
matti,1
freida,1
berni,1
doll,1
eugenia,1
kaitlyn,1
tanya,1
alethea,1
julienne,1
janella,1
elbertine,1
alexi,1
darlene,1
gussi,1
brenna,1
stormy,1
trixy,1
hildagarde,1
sophey,1
steffie,1
jinny,1
irena,1
abbi,1
rosmunda,1
fedora,1
kirsti,1
kellsie,1
shaun,1
florenza,1
cassey,1
carma,1
jacquelin,1
malka,1
dina,1
maible,1
randi,1
salli,1
junette,1
cori,1
bernelle,1
jacintha,1
kirstin,1
remy,1
lenette,1
cheri,1
barbi,1
sile,1
suzy,1
arlene,1
susanna,1
benni,1
becky,1
penni,1
myrtice,1
gunvor,1
brana,1
mag,1
malynda,1
hestia,1
erda,1
gerti,1
tessi,1
martynne,1
tamiko,1
inessa,1
nerte,1
bridgette,1
clarette,1
tricia,1
rubetta,1
gilligan,1
augusta,1
blythe,1
ede,1
lynsey,1
joice,1
celene,1
christabel,1
jayme,1
dot,1
marietta,1
suellen,1
kynthia,1
kissiah,1
gray,1
morlee,1
morgan,1
kandace,1
charmine,1
cassondra,1
bari,1
maud,1
daisy,1
annissa,1
helyn,1
margi,1
linn,1
theressa,1
mollie,1
ethelyn,1
carrissa,1
kaylil,1
marji,1
cybil,1
ondrea,1
yetty,1
querida,1
leiah,1
merrile,1
leila,1
loreen,1
johannah,1
daffi,1
tobi,1
annalyse,1
suzie,1
aeriell,1
grete,1
philly,1
cloe,1
darcee,1
collie,1
belicia,1
rorie,1
charita,1
eileen,1
dehlia,1
desaree,1
kayle,1
lark,1
erina,1
ronnica,1
eustacia,1
fernanda,1
kelly,1
alvira,1
vivian,1
marsha,1
leda,1
reeva,1
kippie,1
benetta,1
malissia,1
cyb,1
reyna,1
berri,1
odelia,1
flo,1
nela,1
holli,1
rodina,1
darla,1
konstanze,1
karia,1
mersey,1
dorene,1
faith,1
kelcey,1
corenda,1
crystal,1
kay,1
jacklin,1
flower,1
harmonia,1
kippy,1
coriss,1
nertie,1
ardene,1
lizabeth,1
vivie,1
wilie,1
tobie,1
sashenka,1
marguerite,1
bette-ann,1
eva,1
myna,1
flossy,1
beryl,1
chloe,1
reiko,1
kimbra,1
karlee,1
samuela,1
blinnie,1
dinny,1
katina,1
arlen,1
larina,1
beryle,1
cathyleen,1
caril,1
cariotta,1
simona,1
hetty,1
carlie,1
annette,1
laurianne,1
elke,1
bellanca,1
adriane,1
katheleen,1
annelise,1
shanon,1
nataline,1
clem,1
katheryn,1
bessie,1
joelly,1
lilyan,1
harri,1
sandye,1
cheryl,1
rivi,1
carolann,1
doralia,1
theo,1
kittie,1
jenny,1
vikky,1
anestassia,1
vin,1
heddie,1
rayshell,1
meggi,1
trish,1
clarisse,1
jayne,1
fae,1
ilyssa,1
sylvia,1
neilla,1
babita,1
ailee,1
alvera,1
regan,1
christabelle,1
malena,1
diane,1
judye,1
elnore,1
madonna,1
dulsea,1
gerta,1
phedra,1
selma,1
ara,1
chelsae,1
jaclyn,1
arlana,1
lena,1
gen,1
tuesday,1
natalia,1
lanita,1
olivie,1
hattie,1
lian,1
brier,1
linette,1
oneida,1
laurette,1
kristy,1
mireielle,1
sapphire,1
antonietta,1
elana,1
mathilda,1
nani,1
opal,1
mahala,1
valma,1
amelita,1
sunny,1
lolly,1
gabey,1
dannye,1
karine,1
nancey,1
daloris,1
eloise,1
fanni,1
nari,1
kathryn,1
rafaelita,1
ailey,1
gabriel,1
olwen,1
carolie,1
pearla,1
genia,1
ofella,1
jacinda,1
corry,1
jacquetta,1
alexa,1
meriel,1
kass,1
lilian,1
tera,1
bobinette,1
merrilee,1
corena,1
gwenneth,1
rodie,1
eddy,1
jandy,1
maddie,1
nissy,1
ursola,1
klara,1
elsie,1
esmerelda,1
flore,1
garland,1
krysta,1
enrika,1
anallese,1
tawsha,1
luella,1
chere,1
jobina,1
sibilla,1
ikey,1
adara,1
lila,1
marillin,1
henrie,1
eunice,1
ida,1
arlee,1
ninon,1
kendre,1
beatrice,1
ketti,1
theresa-marie,1
shaylyn,1
rubie,1
tasia,1
colline,1
cassandra,1
mona,1
nessi,1
oona,1
kat,1
aggi,1
alli,1
rachele,1
annamarie,1
sena,1
ilysa,1
audrey,1
amberly,1
irita,1
filide,1
betsy,1
roanna,1
lorrin,1
jana,1
irina,1
ulrica,1
teryl,1
dell,1
loralee,1
lurette,1
drew,1
mab,1
stephannie,1
doti,1
dorette,1
konstance,1
lurlene,1
arlyn,1
meridel,1
claudina,1
flossie,1
saundra,1
kizzee,1
tammie,1
merridie,1
mariellen,1
karoly,1
dacie,1
tamera,1
donny,1
bo,1
bree,1
dael,1
berrie,1
nance,1
yolanda,1
abra,1
phyllis,1
ferdinande,1
rena,1
renee,1
horatia,1
truda,1
missy,1
donni,1
lela,1
lita,1
sayre,1
erminia,1
oreste,1
charo,1
romonda,1
almire,1
barbee,1
rhianna,1
monika,1
olympie,1
darya,1
oliy,1
fabrice,1
ruthanne,1
desiree,1
tatiania,1
caroljean,1
catlaina,1
dorolisa,1
lottie,1
joana,1
leilah,1
trudie,1
cacilie,1
kelila,1
rivy,1
cherie,1
carrol,1
celinda,1
corrie,1
bertina,1
bria,1
theada,1
meryl,1
pearl,1
sharline,1
rozanne,1
linet,1
nisse,1
tine,1
jania,1
fannie,1
sheryl,1
channa,1
nicolea,1
lisa,1
brigid,1
gabbey,1
avrit,1
trina,1
ginevra,1
ciara,1
melosa,1
lucky,1
joann,1
netta,1
estell,1
aurlie,1
evvie,1
carlene,1
kevyn,1
glenn,1
tommie,1
jerry,1
imogen,1
isabel,1
maridel,1
janeczka,1
lavina,1
annabell,1
moselle,1
crystie,1
becki,1
staci,1
rycca,1
becca,1
lucinda,1
ericha,1
reeba,1
ansley,1
nicky,1
beret,1
rosamond,1
vivi,1
angelique,1
trudi,1
nikoletta,1
karla,1
luce,1
jeralee,1
mommy,1
dena,1
vanna,1
stella,1
hilda,1
merrielle,1
joyous,1
jenna,1
rebekah,1
amandi,1
magdaia,1
phyllida,1
mavra,1
gilberte,1
quinta,1
jerrine,1
paule,1
korie,1
micky,1
marthena,1
glynnis,1
milicent,1
sara-ann,1
sandy,1
dyane,1
lucie,1
linnea,1
moyna,1
eolande,1
gustie,1
misha,1
aubry,1
albertina,1
ermentrude,1
gabriela,1
cloris,1
tamarah,1
rosalia,1
lurleen,1
amber,1
didi,1
jenda,1
peggi,1
asia,1
zara,1
dari,1
helli,1
laurel,1
edita,1
timmie,1
minerva,1
gisella,1
jobie,1
auberta,1
ursulina,1
rafaelia,1
cindelyn,1
roxanna,1
jackie,1
joane,1
helaine,1
sybyl,1
charmion,1
verile,1
avril,1
jennette,1
ree,1
kaleena,1
allyn,1
raychel,1
adelind,1
lydia,1
diahann,1
chastity,1
audra,1
mady,1
valli,1
joyan,1
terina,1
regina,1
rebecca,1
amalie,1
angelita,1
laurene,1
kyrstin,1
charissa,1
sandie,1
maura,1
ioana,1
joan,1
claudie,1
joline,1
glad,1
roch,1
deloria,1
anastassia,1
ulla,1
liliane,1
nettle,1
sharl,1
daniella,1
kayley,1
birgit,1
dayna,1
felicle,1
dulce,1
wrennie,1
darelle,1
tabbi,1
inesita,1
stafani,1
birgitta,1
lucy,1
maressa,1
joanna,1
gwendolin,1
maurene,1
zuzana,1
jocelyn,1
tiff,1
mable,1
elsbeth,1
cleo,1
hatti,1
germaine,1
alena,1
ashli,1
patrice,1
tomi,1
rosalinda,1
lonee,1
jada,1
sonni,1
alessandra,1
ellissa,1
madelene,1
audie,1
kristine,1
isidora,1
lynnett,1
bettine,1
jenifer,1
alia,1
eddi,1
liane,1
lissie,1
glynda,1
burta,1
renell,1
noell,1
reeta,1
carly,1
koo,1
sibella,1
shandee,1
anastasie,1
rafaela,1
celestyn,1
sophie,1
emilie,1
jeannine,1
rozamond,1
odele,1
darell,1
lelah,1
sasha,1
jordanna,1
glennie,1
romola,1
aurea,1
connie,1
joyann,1
bonny,1
teresaanne,1
fiann,1
nat,1
teddi,1
erica,1
janet,1
paulie,1
gussie,1
eydie,1
tisha,1
sheba,1
nelie,1
glen,1
ericka,1
gavrielle,1
oprah,1
lee,1
kirstie,1
moya,1
barbara,1
ray,1
nonnah,1
mina,1
karylin,1
marci,1
isabeau,1
selia,1
sinead,1
verla,1
emelda,1
sibyl,1
aggie,1
norrie,1
dyna,1
daffie,1
flori,1
olly,1
celeste,1
clarice,1
sue-elle,1
dorry,1
sallyanne,1
france,1
opaline,1
delores,1
gwennie,1
phylis,1
fred,1
dita,1
chad,1
chantal,1
joannes,1
aleda,1
jordain,1
katherina,1
diana,1
terri-jo,1
merrili,1
marcella,1
imelda,1
paula-grace,1
petronilla,1
brook,1
vally,1
natalina,1
viola,1
lusa,1
jacenta,1
risa,1
florentia,1
janel,1
georgina,1
bernice,1
trescha,1
fredrika,1
jillene,1
nellie,1
marget,1
carli,1
stoddard,1
pacifica,1
marnie,1
clemence,1
kristi,1
natasha,1
leontyne,1
brea,1
ariella,1
sisely,1
micheline,1
giselle,1
onida,1
odelle,1
shirline,1
daveta,1
agnes,1
pris,1
aubrey,1
teane,1
marla,1
fallon,1
adelice,1
francesca,1
blancha,1
zaria,1
antonetta,1
pandora,1
fatima,1
madlen,1
lizzie,1
aliza,1
lilllie,1
carmita,1
hedvig,1
erminie,1
tildie,1
starr,1
barbe,1
kenna,1
angel,1
cheslie,1
elsy,1
suzan,1
haily,1
doralynn,1
audrye,1
leah,1
ange,1
marigold,1
maude,1
sydney,1
dea,1
lola,1
denice,1
lyndy,1
aleece,1
veronika,1
michal,1
anastasia,1
ibbie,1
auguste,1
lou,1
demeter,1
tova,1
datha,1
rania,1
consuela,1
fenelia,1
karlen,1
may,1
bren,1
genna,1
dalenna,1
eada,1
daisie,1
milly,1
iolande,1
isabella,1
annora,1
rozalie,1
ralina,1
lorain,1
gillan,1
darby,1
pepi,1
ingaberg,1
jacynth,1
rana,1
corilla,1
lorry,1
denyse,1
lenora,1
iseabal,1
maritsa,1
alysa,1
lucita,1
shane,1
berenice,1
corie,1
lorilyn,1
norri,1
leonore,1
goldia,1
wallis,1
eolanda,1
ilise,1
magdalena,1
cherri,1
dosi,1
kania,1
brunella,1
bill,1
anita,1
leigh,1
rori,1
hanni,1
elisha,1
evita,1
cecelia,1
martelle,1
tiphany,1
vere,1
alice,1
ingeberg,1
daryn,1
germana,1
nanon,1
doris,1
shannen,1
ardyth,1
gay,1
ranna,1
jolene,1
mirabella,1
agathe,1
brigitta,1
maxie,1
ianthe,1
ariana,1
brittan,1
carmina,1
leena,1
hetti,1
ranique,1
roshelle,1
mariana,1
laina,1
chriss,1
silvie,1
hilary,1
nola,1
adela,1
chicky,1
julieta,1
mercedes,1
sharity,1
blanca,1
pet,1
margit,1
vanya,1
bell,1
sharyl,1
dusty,1
tracie,1
lulu,1
tootsie,1
claudelle,1
goldina,1
rici,1
gusty,1
illa,1
cris,1
carlota,1
ana,1
secunda,1
ursala,1
dorelia,1
imojean,1
dallas,1
alma,1
elena,1
christy,1
fernande,1
melina,1
jena,1
xylina,1
delly,1
jessika,1
cathe,1
sallyann,1
korney,1
lisandra,1
elnora,1
rene,1
indira,1
adiana,1
tammy,1
odille,1
roxana,1
melva,1
maure,1
debera,1
harrietta,1
gweneth,1
tate,1
lauren,1
nollie,1
eveline,1
albina,1
gwendolyn,1
melissa,1
jemmie,1
malinda,1
phil,1
stephenie,1
yetta,1
lolande,1
jemie,1
talya,1
fan,1
korella,1
izabel,1
kyla,1
karoline,1
charlott,1
fredelia,1
micaela,1
collete,1
charin,1
moreen,1
pavla,1
celle,1
zorah,1
odessa,1
annalee,1
fey,1
karole,1
midge,1
johnette,1
randee,1
chanda,1
julee,1
margeaux,1
bellamy,1
fidelia,1
teriann,1
meridith,1
tina,1
ingrid,1
mickie,1
merle,1
anna-diana,1
berry,1
codie,1
andromeda,1
prue,1
lethia,1
franni,1
gerda,1
leia,1
jeana,1
chelsea,1
clea,1
lana,1
karin,1
lisabeth,1
morganne,1
adi,1
junina,1
maryanna,1
ivonne,1
kelsey,1
celisse,1
estrellita,1
sindee,1
courtenay,1
amandy,1
lilith,1
latrina,1
janeen,1
celestia,1
tamma,1
desdemona,1
christiana,1
britaney,1
starlin,1
alaine,1
gwendolen,1
felicdad,1
celesta,1
larine,1
kally,1
clarissa,1
lezlie,1
jeanie,1
anet,1
amabel,1
retha,1
kali,1
marilin,1
zsazsa,1
diena,1
emlynne,1
corrianne,1
myriam,1
siana,1
shilpa,1
austine,1
michele,1
lorene,1
silva,1
chrissie,1
theresita,1
fawna,1
zulema,1
rhodie,1
shelbi,1
gianina,1
carine,1
liora,1
cornie,1
bellina,1
lois,1
shawnee,1
lianna,1
gera,1
wilhelmina,1
virginie,1
carley,1
gelya,1
marissa,1
essie,1
kacie,1
euphemia,1
petronella,1
arlina,1
amelia,1
devi,1
susette,1
karyl,1
tara,1
stefania,1
cami,1
chiquita,1
gabriella,1
sussi,1
madona,1
hedda,1
malorie,1
gale,1
morna,1
pepita,1
ardelle,1
christabella,1
cristi,1
pansy,1
cabrina,1
shalna,1
brenda,1
erika,1
sandi,1
maris,1
yvette,1
donella,1
kerrin,1
fayth,1
trenna,1
ingeborg,1
antoinette,1
hedwig,1
bernadina,1
gunilla,1
maisey,1
adelaide,1
rebekkah,1
ayn,1
jermaine,1
laural,1
darice,1
netty,1
camile,1
caprice,1
geeta,1
caritta,1
jojo,1
nona,1
camella,1
franciska,1
wilone,1
myrtle,1
sherry,1
harriet,1
tabby,1
audrie,1
nelli,1
jo-anne,1
georgianna,1
gilbertina,1
denise,1
marabel,1
tybi,1
clary,1
juanita,1
melita,1
susanetta,1
rozelle,1
corabel,1
nike,1
alisa,1
marj,1
effie,1
ethel,1
bonnie,1
scarlet,1
emelia,1
amalia,1
davita,1
kamilah,1
gennifer,1
kirbie,1
katusha,1
glyn,1
aurelea,1
mayda,1
venus,1
luna,1
clo,1
cherry,1
daphne,1
basia,1
luise,1
florella,1
jobye,1
annadiane,1
rahel,1
terrie,1
josey,1
luelle,1
sisile,1
brita,1
luciana,1
rochette,1
elfie,1
loren,1
rosabella,1
kyle,1
tobe,1
franny,1
malkah,1
wilmette,1
shaina,1
elita,1
portia,1
cordula,1
inga,1
florry,1
winnifred,1
juliette,1
sheril,1
lynde,1
jaynell,1
kaia,1
anneliese,1
cherye,1
kirsten,1
tandi,1
janey,1
jacki,1
ava,1
cristionna,1
avis,1
hillary,1
saraann,1
amelie,1
cynthie,1
emlyn,1
claire,1
hyacinth,1
kathryne,1
wynny,1
margareta,1
torrie,1
talia,1
joellyn,1
maureen,1
georgetta,1
margarette,1
nicola,1
selle,1
lisette,1
philomena,1
layla,1
ailene,1
deonne,1
nikkie,1
karissa,1
jesselyn,1
rubia,1
clovis,1
george,1
athene,1
sonnnie,1
arlyne,1
marglerite,1
lillian,1
linnie,1
abby,1
ladonna,1
dorita,1
cody,1
violetta,1
elwina,1
nicoline,1
tella,1
rowe,1
madeleine,1
kissee,1
hali,1
sabina,1
georgianne,1
petronia,1
carena,1
jobey,1
tory,1
sofie,1
roseanne,1
lucilia,1
delcine,1
karrie,1
raye,1
isadore,1
giana,1
hadria,1
elaine,1
breanne,1
darcey,1
lucina,1
caro,1
cristie,1
yovonnda,1
beatrix,1
sidoney,1
delila,1
emylee,1
jessy,1
loise,1
lisetta,1
del,1
celia,1
aubrie,1
leann,1
wenda,1
nadia,1
clarey,1
idalia,1
dion,1
cordelie,1
kirbee,1
marya,1
harriett,1
cathee,1
brynn,1
kassandra,1
eleonore,1
sheelagh,1
olympia,1
jemmy,1
mame,1
britney,1
desiri,1
christel,1
rosabelle,1
mellicent,1
corinne,1
katey,1
jonie,1
con,1
roselin,1
maurise,1
tobey,1
rebeca,1
cordie,1
susi,1
tiffanie,1
valenka,1
jennee,1
vera,1
april,1
wynnie,1
teresita,1
cybelle,1
ronalda,1
mari,1
teddie,1
liza,1
minetta,1
lizbeth,1
rickie,1
eleni,1
joslyn,1
cathlene,1
linell,1
sorcha,1
jocelin,1
aretha,1
alameda,1
cindie,1
arline,1
carolyn,1
myranda,1
heddi,1
melisse,1
robbi,1
donica,1
emilia,1
betteanne,1
francyne,1
bernadine,1
candice,1
robinetta,1
elene,1
mirilla,1
shirl,1
nell,1
carlynn,1
nessy,1
ernestine,1
torie,1
ettie,1
joanne,1
sharie,1
georgena,1
vinita,1
ethelin,1
marlie,1
tallie,1
francesmary,1
anette,1
gloriane,1
othelia,1
lorie,1
violante,1
coraline,1
filia,1
blakeley,1
melba,1
tabbitha,1
hannie,1
anett,1
myrtie,1
mandi,1
tove,1
beckie,1
allsun,1
herta,1
isadora,1
star,1
gwenni,1
dolorita,1
luanna,1
adrien,1
pansie,1
fawn,1
kerrill,1
devina,1
rosalynd,1
carmelle,1
lynnell,1
ventura,1
tybie,1
murielle,1
shalne,1
lizzy,1
joni,1
janaye,1
isobel,1
harriot,1
violette,1
pen,1
georgeanne,1
orelie,1
tabitha,1
la,1
malanie,1
milli,1
coreen,1
mellissa,1
giovanna,1
dyanna,1
doretta,1
katine,1
acacia,1
libbey,1
hildagard,1
cayla,1
merissa,1
diamond,1
britni,1
sheila-kathryn,1
seana,1
natalie,1
fanny,1
dorit,1
doloritas,1
kathie,1
mitra,1
catharina,1
ginny,1
doralyn,1
dyanne,1
christean,1
bathsheba,1
matilde,1
jackquelin,1
pippy,1
jo-ann,1
noelle,1
esme,1
polly,1
jori,1
terri,1
meggan,1
marcie,1
farah,1
annadiana,1
alexine,1
elberta,1
shirlene,1
allison,1
carrie,1
helsa,1
fanchon,1
aurelie,1
kiley,1
analiese,1
stephana,1
hildegaard,1
tamra,1
dorine,1
winni,1
nyssa,1
cacilia,1
kimberly,1
cathie,1
trix,1
austin,1
shelley,1
miran,1
maddi,1
dido,1
erna,1
ethelind,1
bella,1
ruthann,1
harriott,1
alidia,1
joya,1
amanda,1
shellie,1
marie,1
brandise,1
keslie,1
kristel,1
jaime,1
meredithe,1
josepha,1
emera,1
perla,1
binny,1
norry,1
zita,1
tersina,1
theodosia,1
noelani,1
kirsteni,1
brynne,1
fredericka,1
loni,1
juliane,1
lynett,1
adella,1
nelly,1
davida,1
dulcie,1
roz,1
lurline,1
nancie,1
anthea,1
britt,1
shawna,1
merilee,1
krissy,1
koressa,1
latrena,1
nananne,1
enriqueta,1
emeline,1
jessie,1
fina,1
julietta,1
letti,1
corri,1
emelita,1
barrie,1
agnella,1
priscella,1
stesha,1
samuella,1
farrand,1
dorothee,1
trisha,1
atalanta,1
friederike,1
jasmina,1
victoria,1
janine,1
shela,1
waly,1
marcellina,1
margaux,1
emelina,1
katti,1
allissa,1
codee,1
janessa,1
shoshie,1
rebeka,1
emlynn,1
kaye,1
caria,1
dorian,1
val,1
jeanette,1
karleen,1
kettie,1
ottilie,1
correna,1
isis,1
chelsy,1
sibeal,1
alpa,1
joanne,1
maryellen,1
lauryn,1
deny,1
katlin,1
gloria,1
caralie,1
bambie,1
esmeralda,1
damaris,1
rhoda,1
waneta,1
alina,1
ardeen,1
nissie,1
kanya,1
kelli,1
muffin,1
janot,1
doro,1
nova,1
charis,1
kym,1
anya,1
lanna,1
roselyn,1
hilarie,1
caresa,1
natala,1
merrie,1
eimile,1
felicity,1
mallissa,1
ninetta,1
twila,1
paulita,1
blakelee,1
dominique,1
evelyn,1
belvia,1
malory,1
chloris,1
malcah,1
milena,1
alex,1
mae,1
donielle,1
madelaine,1
jonell,1
alexina,1
zonda,1
carola,1
sylvie,1
dareen,1
laureen,1
jane,1
keeley,1
toinette,1
mitzi,1
kristal,1
lucretia,1
prissie,1
janeta,1
wenonah,1
kerstin,1
kaylee,1
chelsey,1
jan,1
rozina,1
cresa,1
min,1
mirella,1
geneva,1
nedi,1
fayette,1
dasi,1
joleen,1
carmelina,1
lisha,1
blondy,1
norah,1
veriee,1
valeria,1
joye,1
dolora,1
natty,1
dollie,1
julita,1
katya,1
florette,1
georgeanna,1
lindsy,1
emmy,1
aprilette,1
nana,1
daile,1
candida,1
vallie,1
virgie,1
jewel,1
eliza,1
laure,1
mabelle,1
danila,1
maegan,1
colleen,1
sunshine,1
fayina,1
brigida,1
katalin,1
melinda,1
phyllys,1
melanie,1
dorris,1
gretchen,1
martita,1
nata,1
julianne,1
jerrilee,1
shaylah,1
yonina,1
ketty,1
carita,1
gianna,1
gizela,1
benita,1
alissa,1
ardella,1
melly,1
lorelle,1
irene,1
merrill,1
vi,1
ingunna,1
jodi,1
marion,1
izzi,1
vilma,1
tiphani,1
eba,1
vikkie,1
oralee,1
morena,1
claresta,1
nanice,1
mirabelle,1
pat,1
laura,1
noel,1
kira,1
loella,1
arly,1
nalani,1
tiertza,1
faun,1
catherina,1
robina,1
roseanna,1
viki,1
shani,1
karna,1
enrichetta,1
betsey,1
sigrid,1
kara-lynn,1
meta,1
camel,1
kitty,1
jackqueline,1
krista,1
brianne,1
peg,1
nisa,1
darb,1
cathleen,1
rosanna,1
jacinthe,1
marice,1
maya,1
vida,1
myrilla,1
bette,1
hedi,1
nil,1
lin,1
sharron,1
rosemaria,1
madelyn,1
linea,1
letty,1
myrah,1
crissie,1
daffy,1
evangelia,1
luci,1
nathalia,1
gui,1
ebba,1
courtney,1
dynah,1
nerissa,1
griselda,1
saba,1
beatrisa,1
madalena,1
ryann,1
charil,1
marrissa,1
elfreda,1
tildy,1
adel,1
beth,1
brenn,1
elinore,1
marthe,1
jeane,1
debra,1
kattie,1
evelina,1
heide,1
kellia,1
jacquette,1
ruth,1
kiah,1
giacinta,1
lory,1
bryana,1
clio,1
tracee,1
neely,1
ginnifer,1
meris,1
jude,1
steffane,1
catina,1
cherilyn,1
sandra,1
bonita,1
kaitlin,1
mandy,1
karol,1
aeriela,1
rhiamon,1
jamima,1
petra,1
rosa,1
gale,1
shir,1
antonia,1
melitta,1
leelah,1
starla,1
lissi,1
issi,1
seka,1
dona,1
eleanor,1
dottie,1
olive,1
almira,1
leeanne,1
ernaline,1
tamarra,1
elysee,1
alison,1
glenna,1
jaquenetta,1
jordan,1
tracey,1
harley,1
alyssa,1
tomasina,1
cherianne,1
mairead,1
christine,1
quentin,1
madel,1
karina,1
ashlie,1
modestia,1
luana,1
martica,1
viviana,1
jeniffer,1
enya,1
halli,1
prunella,1
sheilakathryn,1
zelma,1
dacey,1
elisabet,1
cicily,1
antonina,1
shirlee,1
constantina,1
cassie,1
dasya,1
emmalee,1
debee,1
bambi,1
margarethe,1
karee,1
anna-diane,1
willie,1
miriam,1
winonah,1
guglielma,1
kelsi,1
melony,1
karil,1
cam,1
caryn,1
sherie,1
josee,1
ashely,1
ariela,1
mariam,1
willette,1
valeda,1
norma,1
catriona,1
olga,1
verna,1
gwynne,1
greta,1
rosita,1
ruthi,1
annie,1
aline,1
margurite,1
blanch,1
harlie,1
clara,1
ulrike,1
maggy,1
rosy,1
margy,1
demetra,1
keriann,1
evangelin,1
jenelle,1
ophelie,1
trista,1
katerine,1
elva,1
zaneta,1
guinna,1
carolan,1
honey,1
maye,1
persis,1
deni,1
alicia,1
freddi,1
sabra,1
blisse,1
kaitlynn,1
cissy,1
janetta,1
othilia,1
orella,1
emmeline,1
dori,1
wendeline,1
jillane,1
blake,1
delcina,1
clerissa,1
nikki,1
alfie,1
dennie,1
aileen,1
kirby,1
francis,1
sadie,1
queenie,1
marty,1
ferdinanda,1
lanny,1
robenia,1
tiana,1
sydelle,1
pearline,1
ellie,1
tandy,1
rosella,1
ranee,1
kylen,1
allene,1
ediva,1
renae,1
rasla,1
andriette,1
andromache,1
christie,1
madelina,1
libbi,1
marika,1
jacqueline,1
phebe,1
kelcy,1
shoshanna,1
batsheva,1
velvet,1
moll,1
charmain,1
jaleh,1
agnesse,1
elspeth,1
gerrilee,1
kiri,1
fifi,1
kari,1
holley,1
merola,1
vina,1
kiele,1
kaycee,1
caressa,1
brandi,1
benedikta,1
dale,1
cati,1
suzi,1
nolana,1
hendrika,1
glory,1
guinevere,1
dione,1
fawnia,1
katharina,1
tessie,1
leontine,1
valera,1
kathy,1
oralla,1
susy,1
minna,1
conchita,1
pier,1
mallory,1
lenna,1
riki,1
constancia,1
robinet,1
carol,1
patricia,1
june,1
christin,1
pearle,1
bamby,1
noreen,1
adah,1
sibylla,1
katee,1
jacquenetta,1
minette,1
carline,1
goldie,1
janela,1
vicki,1
winifred,1
ashlen,1
laila,1
krissie,1
adena,1
karmen,1
jo ann,1
hyacintha,1
amara,1
danice,1
cynthy,1
dorise,1
therine,1
belle,1
edin,1
eulalie,1
ramona,1
harlene,1
prudy,1
kata,1
xylia,1
sherill,1
freddie,1
claudetta,1
caty,1
janis,1
karlotte,1
andria,1
daisey,1
arabella,1
alane,1
carlye,1
timmi,1
thia,1
sybila,1
jaimie,1
cameo,1
trixi,1
gusella,1
ronda,1
halley,1
aubine,1
grethel,1
janean,1
bryna,1
hana,1
lynn,1
berta,1
milissent,1
marlena,1
riva,1
gilbertine,1
ivette,1
betti,1
vannie,1
lesley,1
berty,1
eugine,1
bidget,1
lissa,1
minda,1
kalila,1
miranda,1
susana,1
demetris,1
kizzie,1
viole,1
cassaundra,1
wren,1
fifine,1
selena,1
ema,1
florinda,1
katrina,1
shelly,1
faustine,1
doe,1
gwenette,1
junie,1
havivah,1
christalle,1
vale,1
bianca,1
kerianne,1
elinor,1
kipp,1
elyssa,1
lynda,1
lesli,1
calida,1
meggie,1
hallie,1
sibby,1
sharra,1
pamella,1
carin,1
eleanore,1
brianna,1
iormina,1
rosina,1
matty,1
sianna,1
claude,1
chantalle,1
cherish,1
dolley,1
kristen,1
kalie,1
alana,1
norene,1
cathrin,1
margaret,1
raquela,1
hannis,1
josie,1
delphinia,1
meg,1
cyndy,1
concettina,1
ilsa,1
jordana,1
fania,1
edithe,1
annmaria,1
penelope,1
agnola,1
mabel,1
alberta,1
pennie,1
karen,1
bee,1
monique,1
callie,1
daune,1
belia,1
daveen,1
blair,1
lucienne,1
oralia,1
natassia,1
kellyann,1
daphna,1
samaria,1
cassy,1
blinni,1
denys,1
nissa,1
donnie,1
elysia,1
susan,1
casey,1
suki,1
larisa,1
flor,1
solange,1
hope,1
emiline,1
geri,1
charisse,1
deane,1
isabelita,1
maryann,1
frederica,1
lorilee,1
antonella,1
dulci,1
aindrea,1
margot,1
phillie,1
esta,1
joelle,1
nanette,1
marieann,1
dorree,1
biddy,1
jerrilyn,1
wandie,1
godiva,1
fiona,1
alene,1
daniele,1
fortuna,1
kassie,1
zilvia,1
rani,1
lani,1
davine,1
pauli,1
mimi,1
lissy,1
tabbie,1
jennica,1
lorettalorna,1
vernice,1
cissie,1
felisha,1
lorita,1
valry,1
irma,1
cosetta,1
genni,1
saudra,1
dianna,1
doreen,1
viva,1
louella,1
winny,1
peria,1
pauletta,1
paula,1
susann,1
blithe,1
bernette,1
teri,1
mmarianne,1
dana,1
hanny,1
brina,1
corabella,1
shina,1
georgette,1
matilda,1
berte,1
karolina,1
flossi,1
dafna,1
therese,1
kamila,1
augustina,1
kristina,1
sada,1
kimberley,1
liz,1
coralie,1
elladine,1
yoshi,1
karly,1
vivienne,1
elvera,1
joey,1
tarrah,1
otha,1
mariejeanne,1
sophronia,1
kameko,1
melisande,1
cristy,1
elsa,1
sheree,1
lyndell,1
kasey,1
gabrila,1
ingaborg,1
essy,1
robena,1
anabella,1
mariele,1
joela,1
maurine,1
sam,1
evanne,1
leandra,1
pietra,1
melantha,1
farand,1
constancy,1
edy,1
avivah,1
ethelda,1
annmarie,1
nolie,1
melesa,1
ferne,1
simone,1
rhonda,1
cecil,1
anabelle,1
gretta,1
alysia,1
naoma,1
roxine,1
aurore,1
aryn,1
jilli,1
gratia,1
zorine,1
merla,1
penelopa,1
leeann,1
bridgett,1
gayle,1
briana,1
dara,1
carolina,1
ekaterina,1
marris,1
elna,1
astrix,1
tiena,1
liuka,1
aviva,1
debi,1
leonanie,1
alvinia,1
janice,1
marjie,1
camila,1
aurilia,1
marcelle,1
idell,1
guillema,1
corrina,1
nan,1
melisandra,1
roxi,1
madella,1
leoine,1
lonna,1
roana,1
adriaens,1
jillie,1
sela,1
e'lane,1
bernardina,1
catha,1
angelia,1
viviyan,1
morissa,1
cassandre,1
zsa zsa,1
berget,1
ginger,1
piper,1
abbie,1
mariette,1
dorelle,1
andy,1
farra,1
allie,1
karalynn,1
patty,1
eudora,1
malissa,1
janeva,1
sosanna,1
kacy,1
cyndi,1
tiphanie,1
othilie,1
susanne,1
rachel,1
amata,1
lamb,1
allianora,1
rheba,1
ardelia,1
honoria,1
bonnee,1
marge,1
cherice,1
mellisent,1
cindee,1
rosabel,1
katrinka,1
moira,1
ariadne,1
debby,1
kerrie,1
jocelyne,1
clare,1
stephani,1
shay,1
zenia,1
ermengarde,1
cappella,1
blinny,1
laurie,1
samara,1
annabela,1
marlene,1
lonni,1
linnet,1
chery,1
yvonne,1
lori,1
iris,1
tarra,1
jean,1
mariquilla,1
genvieve,1
wenona,1
gladis,1
dorey,1
kerry,1
moria,1
gwenny,1
inge,1
averil,1
marin,1
myrlene,1
bethany,1
madelin,1
bebe,1
lira,1
